bid_id,price,quantity
2022-08-17 12:00:00,49.6569,8.362
2022-08-17 12:05:00,48.1777,8.334
2022-08-17 12:10:00,50.5962,8.514
2022-08-17 12:15:00,45.6822,7.34
2022-08-17 12:20:00,51.9628,8.094000000000001
2022-08-17 12:25:00,46.4248,7.208
2022-08-17 12:30:00,51.8959,7.902
2022-08-17 12:35:00,51.4888,8.724
2022-08-17 12:40:00,49.0104,7.635
2022-08-17 12:45:00,48.7537,8.158999999999999
2022-08-17 12:50:00,48.8,8.271
2022-08-17 12:55:00,49.7018,7.83
2022-08-17 13:00:00,51.0688,7.305
2022-08-17 13:05:00,48.8378,7.673
2022-08-17 13:10:00,51.8274,7.987
2022-08-17 13:15:00,48.2108,7.654999999999999
2022-08-17 13:20:00,52.5132,7.755
2022-08-17 13:25:00,48.6881,8.204
2022-08-17 13:30:00,48.1991,7.748
2022-08-17 13:35:00,46.4655,8.396
2022-08-17 13:40:00,46.929,8.171
2022-08-17 13:45:00,50.3043,8.274000000000001
2022-08-17 13:50:00,45.8278,7.166
2022-08-17 13:55:00,49.0591,8.006
2022-08-17 14:00:00,50.8431,6.912
2022-08-17 14:05:00,45.8255,7.659
2022-08-17 14:10:00,45.6334,8.202
2022-08-17 14:15:00,49.2252,8.286999999999999
2022-08-17 14:20:00,51.7166,8.208
2022-08-17 14:25:00,50.8426,7.277
2022-08-17 14:30:00,50.3845,7.361000000000001
2022-08-17 14:35:00,49.4066,7.962
2022-08-17 14:40:00,50.2908,7.781000000000001
2022-08-17 14:45:00,49.211,7.949
2022-08-17 14:50:00,47.0385,7.823
2022-08-17 14:55:00,50.8001,7.6080000000000005
2022-08-17 15:00:00,50.4204,8.536999999999999
2022-08-17 15:05:00,49.4563,7.622
2022-08-17 15:10:00,49.6464,7.952
2022-08-17 15:15:00,52.4902,8.102
2022-08-17 15:20:00,48.1147,7.538
2022-08-17 15:25:00,46.9852,8.286
2022-08-17 15:30:00,50.961,7.761
2022-08-17 15:35:00,49.776,8.631
2022-08-17 15:40:00,50.3635,7.728
2022-08-17 15:45:00,45.2713,7.966
2022-08-17 15:50:00,46.8344,7.821
2022-08-17 15:55:00,49.4431,7.758
2022-08-17 16:00:00,47.5342,7.720000000000001
2022-08-17 16:05:00,49.9693,7.914
2022-08-17 16:10:00,46.7771,8.129999999999999
2022-08-17 16:15:00,49.6826,8.11
2022-08-17 16:20:00,46.8039,8.362
2022-08-17 16:25:00,50.3014,7.971
2022-08-17 16:30:00,48.8475,7.765000000000001
2022-08-17 16:35:00,46.885,7.351
2022-08-17 16:40:00,47.3458,7.942
2022-08-17 16:45:00,48.7578,8.196
2022-08-17 16:50:00,52.4656,8.237
2022-08-17 16:55:00,48.2458,7.166
2022-08-17 17:00:00,48.5519,8.091000000000001
2022-08-17 17:05:00,50.1959,7.436999999999999
2022-08-17 17:10:00,49.5977,8.061
2022-08-17 17:15:00,50.8803,7.957
2022-08-17 17:20:00,47.322,8.2
2022-08-17 17:25:00,47.4352,7.336
2022-08-17 17:30:00,49.9952,7.629
2022-08-17 17:35:00,53.7421,7.839
2022-08-17 17:40:00,54.4448,7.834
2022-08-17 17:45:00,52.0057,7.593999999999999
2022-08-17 17:50:00,49.0062,7.865
2022-08-17 17:55:00,47.2249,7.325
2022-08-17 18:00:00,47.7351,7.849
2022-08-17 18:05:00,49.1043,8.113
2022-08-17 18:10:00,49.716,8.154
2022-08-17 18:15:00,52.5376,8.422
2022-08-17 18:20:00,51.0195,8.386
2022-08-17 18:25:00,47.5769,7.207
2022-08-17 18:30:00,48.6456,7.474
2022-08-17 18:35:00,48.3111,8.464
2022-08-17 18:40:00,47.017,7.748
2022-08-17 18:45:00,46.4155,7.183
2022-08-17 18:50:00,51.4814,7.386
2022-08-17 18:55:00,48.363,7.5280000000000005
2022-08-17 19:00:00,50.6611,7.759
2022-08-17 19:05:00,50.6346,7.2829999999999995
2022-08-17 19:10:00,49.3049,7.149
2022-08-17 19:15:00,48.638,7.302
2022-08-17 19:20:00,48.7294,8.211
2022-08-17 19:25:00,50.8715,8.132
2022-08-17 19:30:00,46.8564,7.666
2022-08-17 19:35:00,51.4185,8.152000000000001
2022-08-17 19:40:00,50.6822,7.5329999999999995
2022-08-17 19:45:00,50.4283,7.834
2022-08-17 19:50:00,49.1867,7.833
2022-08-17 19:55:00,45.8209,6.6739999999999995
2022-08-17 20:00:00,49.0177,7.693
2022-08-17 20:05:00,49.0384,8.032
2022-08-17 20:10:00,49.1308,8.311
2022-08-17 20:15:00,47.0514,7.51
2022-08-17 20:20:00,45.3383,7.295999999999999
2022-08-17 20:25:00,50.7548,7.422000000000001
2022-08-17 20:30:00,52.2841,6.755
2022-08-17 20:35:00,52.2384,7.054
2022-08-17 20:40:00,50.6673,8.511
2022-08-17 20:45:00,49.485,7.855
2022-08-17 20:50:00,50.5579,8.089
2022-08-17 20:55:00,51.0968,7.873
2022-08-17 21:00:00,51.2482,7.1370000000000005
2022-08-17 21:05:00,49.7262,7.625
2022-08-17 21:10:00,48.5363,7.7509999999999994
2022-08-17 21:15:00,51.0712,7.265000000000001
2022-08-17 21:20:00,51.0449,7.6579999999999995
2022-08-17 21:25:00,51.4382,8.08
2022-08-17 21:30:00,48.8251,7.843999999999999
2022-08-17 21:35:00,49.1375,7.5
2022-08-17 21:40:00,46.054,7.961
2022-08-17 21:45:00,51.027,7.276
2022-08-17 21:50:00,53.2343,8.543
2022-08-17 21:55:00,48.1814,8.033999999999999
2022-08-17 22:00:00,50.8131,7.513
2022-08-17 22:05:00,50.5715,7.807
2022-08-17 22:10:00,53.4098,6.54
2022-08-17 22:15:00,52.5346,7.883
2022-08-17 22:20:00,49.5216,8.328
2022-08-17 22:25:00,51.0007,7.298
2022-08-17 22:30:00,46.968,7.968999999999999
2022-08-17 22:35:00,45.2813,7.496
2022-08-17 22:40:00,47.1454,7.495
2022-08-17 22:45:00,46.8549,8.131
2022-08-17 22:50:00,44.3737,7.805
2022-08-17 22:55:00,51.8201,8.21
2022-08-17 23:00:00,50.1554,8.097000000000001
2022-08-17 23:05:00,50.5305,8.615
2022-08-17 23:10:00,52.7515,7.031000000000001
2022-08-17 23:15:00,47.0691,7.859
2022-08-17 23:20:00,49.8547,8.795
2022-08-17 23:25:00,50.9738,8.367
2022-08-17 23:30:00,46.6636,8.117
2022-08-17 23:35:00,46.6807,8.145
2022-08-17 23:40:00,53.3895,7.521
2022-08-17 23:45:00,47.0397,8.387
2022-08-17 23:50:00,47.7973,7.77
2022-08-17 23:55:00,49.2927,7.518
2022-08-18 00:00:00,49.7234,7.494
2022-08-18 00:05:00,46.4856,7.4
2022-08-18 00:10:00,42.6208,7.0809999999999995
2022-08-18 00:15:00,51.9278,8.030999999999999
2022-08-18 00:20:00,52.2932,8.044
2022-08-18 00:25:00,49.2112,7.979
2022-08-18 00:30:00,49.6859,8.193
2022-08-18 00:35:00,50.928,8.637
2022-08-18 00:40:00,48.3128,8.148
2022-08-18 00:45:00,50.3076,7.926
2022-08-18 00:50:00,47.5843,7.9190000000000005
2022-08-18 00:55:00,48.7746,7.928
2022-08-18 01:00:00,49.2062,8.584
2022-08-18 01:05:00,50.5208,7.589
2022-08-18 01:10:00,50.4832,7.553
2022-08-18 01:15:00,52.6502,8.181000000000001
2022-08-18 01:20:00,51.5562,8.003
2022-08-18 01:25:00,50.6572,7.958
2022-08-18 01:30:00,47.0644,7.757
2022-08-18 01:35:00,49.7236,8.072
2022-08-18 01:40:00,50.4818,8.542
2022-08-18 01:45:00,51.7349,7.952
2022-08-18 01:50:00,47.5336,8.574
2022-08-18 01:55:00,49.63,7.8580000000000005
2022-08-18 02:00:00,51.168,8.264
2022-08-18 02:05:00,50.1931,7.697
2022-08-18 02:10:00,50.9297,8.362
2022-08-18 02:15:00,51.4059,8.381
2022-08-18 02:20:00,46.5699,7.821
2022-08-18 02:25:00,45.7902,8.697
2022-08-18 02:30:00,48.8495,7.891
2022-08-18 02:35:00,52.5531,7.88
2022-08-18 02:40:00,45.7011,7.7059999999999995
2022-08-18 02:45:00,51.0672,7.689
2022-08-18 02:50:00,48.3603,7.605
2022-08-18 02:55:00,49.9556,7.607
2022-08-18 03:00:00,51.8453,7.151
2022-08-18 03:05:00,47.3088,7.295
2022-08-18 03:10:00,49.487,7.991
2022-08-18 03:15:00,50.5987,6.776
2022-08-18 03:20:00,54.3444,8.001000000000001
2022-08-18 03:25:00,51.3462,7.797000000000001
2022-08-18 03:30:00,48.7831,7.82
2022-08-18 03:35:00,49.3753,7.3420000000000005
2022-08-18 03:40:00,52.3432,7.989
2022-08-18 03:45:00,49.7573,7.803
2022-08-18 03:50:00,47.7823,8.562000000000001
2022-08-18 03:55:00,50.2589,8.905999999999999
2022-08-18 04:00:00,48.637,8.273
2022-08-18 04:05:00,47.6136,7.7330000000000005
2022-08-18 04:10:00,44.8666,7.7620000000000005
2022-08-18 04:15:00,48.4507,8.057
2022-08-18 04:20:00,47.7609,7.895
2022-08-18 04:25:00,47.0713,7.557
2022-08-18 04:30:00,47.4354,7.71
2022-08-18 04:35:00,48.9086,7.236000000000001
2022-08-18 04:40:00,55.7186,7.468999999999999
2022-08-18 04:45:00,50.8718,7.3469999999999995
2022-08-18 04:50:00,50.789,8.216000000000001
2022-08-18 04:55:00,49.4555,7.45
2022-08-18 05:00:00,44.0319,7.177
2022-08-18 05:05:00,49.6451,7.809
2022-08-18 05:10:00,45.5226,8.280999999999999
2022-08-18 05:15:00,50.4527,7.6370000000000005
2022-08-18 05:20:00,47.7035,7.182
2022-08-18 05:25:00,48.2456,7.821
2022-08-18 05:30:00,49.8649,8.136
2022-08-18 05:35:00,50.8272,7.8919999999999995
2022-08-18 05:40:00,48.3725,8.175
2022-08-18 05:45:00,51.5712,8.094000000000001
2022-08-18 05:50:00,47.936,7.904
2022-08-18 05:55:00,48.7898,8.126999999999999
2022-08-18 06:00:00,48.292,8.392
2022-08-18 06:05:00,50.1556,7.9079999999999995
2022-08-18 06:10:00,48.9147,7.809
2022-08-18 06:15:00,49.4301,7.93
2022-08-18 06:20:00,50.1019,8.117
2022-08-18 06:25:00,49.4234,7.837
2022-08-18 06:30:00,48.6129,7.045999999999999
2022-08-18 06:35:00,47.6623,7.0600000000000005
2022-08-18 06:40:00,52.0765,7.773
2022-08-18 06:45:00,45.8125,8.114
2022-08-18 06:50:00,52.4447,7.462
2022-08-18 06:55:00,50.2495,7.287
2022-08-18 07:00:00,50.0285,7.808
2022-08-18 07:05:00,50.1824,7.938000000000001
2022-08-18 07:10:00,48.244,8.758
2022-08-18 07:15:00,49.6114,8.523
2022-08-18 07:20:00,52.362,7.8100000000000005
2022-08-18 07:25:00,48.215,8.164
2022-08-18 07:30:00,50.7053,8.067
2022-08-18 07:35:00,47.2355,7.645
2022-08-18 07:40:00,50.617,7.445
2022-08-18 07:45:00,51.1759,7.6899999999999995
2022-08-18 07:50:00,48.577,7.718999999999999
2022-08-18 07:55:00,53.2429,7.979
2022-08-18 08:00:00,52.3184,7.916
2022-08-18 08:05:00,46.1804,7.996
2022-08-18 08:10:00,50.4126,8.18
2022-08-18 08:15:00,49.31,8.205
2022-08-18 08:20:00,50.5582,7.009
2022-08-18 08:25:00,47.1886,8.511
2022-08-18 08:30:00,50.6726,7.866
2022-08-18 08:35:00,50.7119,8.364
2022-08-18 08:40:00,47.0765,7.636
2022-08-18 08:45:00,50.1912,7.561999999999999
2022-08-18 08:50:00,46.3955,7.388999999999999
2022-08-18 08:55:00,53.1019,7.493
2022-08-18 09:00:00,50.806,7.989
2022-08-18 09:05:00,51.4564,7.248
2022-08-18 09:10:00,48.7021,8.372
2022-08-18 09:15:00,47.9201,7.493
2022-08-18 09:20:00,50.8311,7.432
2022-08-18 09:25:00,49.3551,7.911
2022-08-18 09:30:00,51.4325,7.761
2022-08-18 09:35:00,49.6056,7.101
2022-08-18 09:40:00,49.3918,7.945
2022-08-18 09:45:00,49.032,7.662
2022-08-18 09:50:00,48.1035,7.888
2022-08-18 09:55:00,50.4025,7.7059999999999995
2022-08-18 10:00:00,50.0438,7.057
2022-08-18 10:05:00,48.9563,8.477
2022-08-18 10:10:00,51.6882,7.383
2022-08-18 10:15:00,48.3267,7.46
2022-08-18 10:20:00,48.5398,8.356
2022-08-18 10:25:00,52.9795,7.712
2022-08-18 10:30:00,45.3175,7.8309999999999995
2022-08-18 10:35:00,52.0211,6.98
2022-08-18 10:40:00,49.325,7.5649999999999995
2022-08-18 10:45:00,49.9129,8.133
2022-08-18 10:50:00,45.7446,7.35
2022-08-18 10:55:00,48.2451,6.593
2022-08-18 11:00:00,49.798,8.001999999999999
2022-08-18 11:05:00,46.3244,8.668
2022-08-18 11:10:00,48.7457,7.369
2022-08-18 11:15:00,49.3075,7.890000000000001
2022-08-18 11:20:00,50.2439,8.479
2022-08-18 11:25:00,51.7886,7.8580000000000005
2022-08-18 11:30:00,48.2815,7.3759999999999994
2022-08-18 11:35:00,49.9615,8.036
2022-08-18 11:40:00,49.74,7.98
2022-08-18 11:45:00,52.6287,8.75
2022-08-18 11:50:00,51.2795,6.579000000000001
2022-08-18 11:55:00,50.35,7.616
2022-08-18 12:00:00,53.7249,6.712
2022-08-18 12:05:00,46.6746,9.353
2022-08-18 12:10:00,47.0061,6.774
2022-08-18 12:15:00,57.9508,7.232
2022-08-18 12:20:00,40.5266,6.452
2022-08-18 12:25:00,68.9206,6.327999999999999
2022-08-18 12:30:00,43.67,6.7
2022-08-18 12:35:00,30.617,6.962
2022-08-18 12:40:00,62.3052,8.152999999999999
2022-08-18 12:45:00,73.1007,8.258
2022-08-18 12:50:00,46.3223,6.258
2022-08-18 12:55:00,61.9357,7.275
2022-08-18 13:00:00,58.1509,5.493
2022-08-18 13:05:00,49.6328,7.756
2022-08-18 13:10:00,25.8966,9.972999999999999
2022-08-18 13:15:00,46.4202,6.057
2022-08-18 13:20:00,53.5201,4.978
2022-08-18 13:25:00,65.1619,7.491
2022-08-18 13:30:00,33.3658,6.388999999999999
2022-08-18 13:35:00,64.6357,7.654
2022-08-18 13:40:00,32.4841,7.731
2022-08-18 13:45:00,50.01,8.411999999999999
2022-08-18 13:50:00,41.0125,4.551
2022-08-18 13:55:00,48.27,9.142
2022-08-18 14:00:00,37.3866,5.928
2022-08-18 14:05:00,59.666,8.443999999999999
2022-08-18 14:10:00,57.389,9.678
2022-08-18 14:15:00,32.2702,8.681000000000001
2022-08-18 14:20:00,38.1762,6.914
2022-08-18 14:25:00,46.9118,7.143
2022-08-18 14:30:00,57.6637,8.89
2022-08-18 14:35:00,76.5013,5.84
2022-08-18 14:40:00,40.6084,5.1419999999999995
2022-08-18 14:45:00,60.1486,7.029
2022-08-18 14:50:00,34.7744,8.408000000000001
2022-08-18 14:55:00,44.2152,7.2010000000000005
2022-08-18 15:00:00,64.0721,7.986000000000001
2022-08-18 15:05:00,49.679,8.429
2022-08-18 15:10:00,56.0858,6.186
2022-08-18 15:15:00,44.2823,8.251999999999999
2022-08-18 15:20:00,53.7708,9.364
2022-08-18 15:25:00,61.7537,6.4719999999999995
2022-08-18 15:30:00,48.7063,8.865
2022-08-18 15:35:00,53.2321,6.83
2022-08-18 15:40:00,42.2244,9.025
2022-08-18 15:45:00,29.5138,9.116
2022-08-18 15:50:00,52.4797,8.887
2022-08-18 15:55:00,33.9986,7.513999999999999
2022-08-18 16:00:00,44.8685,6.861000000000001
2022-08-18 16:05:00,45.4513,7.9399999999999995
2022-08-18 16:10:00,35.2037,7.442
2022-08-18 16:15:00,62.0605,10.087
2022-08-18 16:20:00,72.872,7.638999999999999
2022-08-18 16:25:00,35.8216,7.077
2022-08-18 16:30:00,46.3118,7.7
2022-08-18 16:35:00,34.4713,8.596
2022-08-18 16:40:00,38.4623,8.789
2022-08-18 16:45:00,63.155,8.083
2022-08-18 16:50:00,36.7204,8.554
2022-08-18 16:55:00,64.8741,5.92
2022-08-18 17:00:00,29.5538,8.824
2022-08-18 17:05:00,62.8807,7.209
2022-08-18 17:10:00,46.4327,10.32
2022-08-18 17:15:00,47.7388,10.767
2022-08-18 17:20:00,45.851,5.357
2022-08-18 17:25:00,48.367,9.773
2022-08-18 17:30:00,45.9075,7.471
2022-08-18 17:35:00,48.1519,6.963
2022-08-18 17:40:00,45.6866,6.893
2022-08-18 17:45:00,46.8342,7.128
2022-08-18 17:50:00,22.9903,7.105
2022-08-18 17:55:00,28.9707,4.852
2022-08-18 18:00:00,62.9132,7.282
2022-08-18 18:05:00,62.1174,5.7509999999999994
2022-08-18 18:10:00,38.8831,6.128
2022-08-18 18:15:00,49.493,8.309999999999999
2022-08-18 18:20:00,57.9874,9.892
2022-08-18 18:25:00,57.312,6.253
2022-08-18 18:30:00,53.9458,7.198
2022-08-18 18:35:00,56.4122,7.7989999999999995
2022-08-18 18:40:00,33.3858,8.881
2022-08-18 18:45:00,65.6112,7.409
2022-08-18 18:50:00,60.4899,5.886
2022-08-18 18:55:00,57.6919,7.824
2022-08-18 19:00:00,31.7799,9.835
2022-08-18 19:05:00,54.277,9.835
2022-08-18 19:10:00,47.4818,9.562999999999999
2022-08-18 19:15:00,42.4563,7.114
2022-08-18 19:20:00,52.183,7.122
2022-08-18 19:25:00,56.7037,7.927
2022-08-18 19:30:00,60.3242,7.943
2022-08-18 19:35:00,56.5483,5.234
2022-08-18 19:40:00,28.4543,6.811999999999999
2022-08-18 19:45:00,44.0011,6.545999999999999
2022-08-18 19:50:00,42.4322,6.527
2022-08-18 19:55:00,32.0556,9.026
2022-08-18 20:00:00,64.7206,7.853
2022-08-18 20:05:00,44.3406,7.9510000000000005
2022-08-18 20:10:00,44.3098,7.731
2022-08-18 20:15:00,51.1113,6.295
2022-08-18 20:20:00,50.2138,8.104
2022-08-18 20:25:00,25.8651,6.804
2022-08-18 20:30:00,56.7381,7.817
2022-08-18 20:35:00,55.3345,6.487
2022-08-18 20:40:00,60.1629,6.9399999999999995
2022-08-18 20:45:00,36.5971,5.962
2022-08-18 20:50:00,58.5402,9.404
2022-08-18 20:55:00,60.9336,7.654999999999999
2022-08-18 21:00:00,59.1628,5.746
2022-08-18 21:05:00,47.1323,8.007
2022-08-18 21:10:00,48.0216,7.714
2022-08-18 21:15:00,45.8699,5.341
2022-08-18 21:20:00,32.6778,9.52
2022-08-18 21:25:00,72.3625,9.573
2022-08-18 21:30:00,44.927,7.5329999999999995
2022-08-18 21:35:00,50.6038,8.446
2022-08-18 21:40:00,35.782,6.819
2022-08-18 21:45:00,59.0452,6.8469999999999995
2022-08-18 21:50:00,47.7786,8.603
2022-08-18 21:55:00,40.3205,10.386
2022-08-18 22:00:00,54.6131,7.15
2022-08-18 22:05:00,57.5291,9.314
2022-08-18 22:10:00,38.7026,9.606
2022-08-18 22:15:00,31.4325,6.209
2022-08-18 22:20:00,37.6124,8.549
2022-08-18 22:25:00,50.3563,4.319
2022-08-18 22:30:00,41.2077,4.27
2022-08-18 22:35:00,42.2747,6.7780000000000005
2022-08-18 22:40:00,43.5193,8.391
2022-08-18 22:45:00,40.2388,8.8
2022-08-18 22:50:00,36.5606,9.654
2022-08-18 22:55:00,50.4135,7.3100000000000005
2022-08-18 23:00:00,44.4293,9.822
2022-08-18 23:05:00,46.341,7.5649999999999995
2022-08-18 23:10:00,56.3846,9.885
2022-08-18 23:15:00,53.9174,8.586
2022-08-18 23:20:00,58.4099,6.077999999999999
2022-08-18 23:25:00,66.9318,6.7490000000000006
2022-08-18 23:30:00,31.8619,9.54
2022-08-18 23:35:00,42.1692,6.662
2022-08-18 23:40:00,19.5099,8.918
2022-08-18 23:45:00,48.5746,6.811999999999999
2022-08-18 23:50:00,70.0429,6.307
2022-08-18 23:55:00,46.871,5.945
2022-08-19 00:00:00,44.2346,8.995000000000001
2022-08-19 00:05:00,55.2909,5.818
2022-08-19 00:10:00,52.2486,7.7780000000000005
2022-08-19 00:15:00,63.5911,8.105
2022-08-19 00:20:00,51.4465,8.391
2022-08-19 00:25:00,50.4075,8.9
2022-08-19 00:30:00,60.1261,6.468999999999999
2022-08-19 00:35:00,46.5561,6.436
2022-08-19 00:40:00,51.8486,8.834
2022-08-19 00:45:00,45.5666,9.146
2022-08-19 00:50:00,54.4796,7.420999999999999
2022-08-19 00:55:00,64.7301,6.636
2022-08-19 01:00:00,51.0264,4.713
2022-08-19 01:05:00,35.2834,8.190999999999999
2022-08-19 01:10:00,33.7408,8.371
2022-08-19 01:15:00,58.5674,11.352
2022-08-19 01:20:00,43.5614,9.189
2022-08-19 01:25:00,55.6392,5.598
2022-08-19 01:30:00,64.5622,7.857
2022-08-19 01:35:00,48.3551,6.98
2022-08-19 01:40:00,51.3376,7.966
2022-08-19 01:45:00,43.4677,8.121
2022-08-19 01:50:00,58.5967,8.432
2022-08-19 01:55:00,57.8947,11.666
2022-08-19 02:00:00,52.1011,8.907
2022-08-19 02:05:00,60.7394,9.138
2022-08-19 02:10:00,60.1713,4.945
2022-08-19 02:15:00,54.3435,6.923
2022-08-19 02:20:00,59.539,7.156000000000001
2022-08-19 02:25:00,44.7847,8.892
2022-08-19 02:30:00,41.5264,8.094999999999999
2022-08-19 02:35:00,69.8506,8.318
2022-08-19 02:40:00,59.6496,6.979
2022-08-19 02:45:00,69.9221,6.476
2022-08-19 02:50:00,56.5703,6.390000000000001
2022-08-19 02:55:00,46.3875,6.966
2022-08-19 03:00:00,55.8773,7.4559999999999995
2022-08-19 03:05:00,36.5847,5.607
2022-08-19 03:10:00,65.4648,6.504
2022-08-19 03:15:00,52.1172,8.273
2022-08-19 03:20:00,49.1372,6.718
2022-08-19 03:25:00,40.4952,11.225999999999999
2022-08-19 03:30:00,46.148,8.55
2022-08-19 03:35:00,57.3955,6.116
2022-08-19 03:40:00,56.0137,7.693
2022-08-19 03:45:00,30.2149,11.344999999999999
2022-08-19 03:50:00,47.5021,9.268
2022-08-19 03:55:00,56.8206,6.997
2022-08-19 04:00:00,62.1487,8.661
2022-08-19 04:05:00,51.0266,6.614
2022-08-19 04:10:00,48.2382,8.704
2022-08-19 04:15:00,45.6536,8.371
2022-08-19 04:20:00,53.5373,7.605
2022-08-19 04:25:00,42.0367,8.211
2022-08-19 04:30:00,56.8037,6.3580000000000005
2022-08-19 04:35:00,33.8284,9.763
2022-08-19 04:40:00,31.42,9.362
2022-08-19 04:45:00,47.1574,7.7620000000000005
2022-08-19 04:50:00,40.8961,9.754999999999999
2022-08-19 04:55:00,44.1949,6.995
2022-08-19 05:00:00,40.5329,6.9239999999999995
2022-08-19 05:05:00,51.0817,8.664
2022-08-19 05:10:00,55.7944,8.559000000000001
2022-08-19 05:15:00,55.5067,5.559
2022-08-19 05:20:00,33.0692,11.801
2022-08-19 05:25:00,49.8795,9.379
2022-08-19 05:30:00,33.3201,6.1240000000000006
2022-08-19 05:35:00,49.4774,6.718
2022-08-19 05:40:00,43.521,7.742
2022-08-19 05:45:00,56.2744,6.673
2022-08-19 05:50:00,37.1737,8.238
2022-08-19 05:55:00,46.8606,9.674
2022-08-19 06:00:00,61.8286,8.657
2022-08-19 06:05:00,46.6092,7.209
2022-08-19 06:10:00,41.1412,6.667
2022-08-19 06:15:00,47.4493,7.323
2022-08-19 06:20:00,39.1782,5.293
2022-08-19 06:25:00,46.3236,9.668
2022-08-19 06:30:00,45.1824,7.623
2022-08-19 06:35:00,54.8404,6.523
2022-08-19 06:40:00,46.4556,5.588
2022-08-19 06:45:00,56.0421,5.786
2022-08-19 06:50:00,44.318,6.7170000000000005
2022-08-19 06:55:00,46.1936,6.188000000000001
2022-08-19 07:00:00,33.9878,7.836
2022-08-19 07:05:00,41.0588,5.789
2022-08-19 07:10:00,62.3905,7.16
2022-08-19 07:15:00,41.9792,5.096
2022-08-19 07:20:00,37.8123,6.853
2022-08-19 07:25:00,40.4012,8.541
2022-08-19 07:30:00,47.2022,7.772
2022-08-19 07:35:00,75.2583,7.895
2022-08-19 07:40:00,67.8412,8.937999999999999
2022-08-19 07:45:00,50.5058,8.327
2022-08-19 07:50:00,41.8915,9.353
2022-08-19 07:55:00,57.1706,5.723
2022-08-19 08:00:00,47.0548,8.030000000000001
2022-08-19 08:05:00,65.2998,4.7219999999999995
2022-08-19 08:10:00,48.0592,10.363
2022-08-19 08:15:00,52.8474,11.027999999999999
2022-08-19 08:20:00,49.5474,7.247
2022-08-19 08:25:00,59.8926,9.215
2022-08-19 08:30:00,47.1401,7.423
2022-08-19 08:35:00,57.3456,7.271
2022-08-19 08:40:00,34.4641,8.081
2022-08-19 08:45:00,49.645,8.898
2022-08-19 08:50:00,49.3786,6.317
2022-08-19 08:55:00,47.4829,8.864
2022-08-19 09:00:00,38.7035,6.836
2022-08-19 09:05:00,57.4462,7.1240000000000006
2022-08-19 09:10:00,40.7307,8.657
2022-08-19 09:15:00,42.7208,8.443
2022-08-19 09:20:00,53.0626,6.571
2022-08-19 09:25:00,53.3375,8.643
2022-08-19 09:30:00,47.0366,7.413
2022-08-19 09:35:00,53.6669,6.6129999999999995
2022-08-19 09:40:00,37.8201,8.02
2022-08-19 09:45:00,47.2656,9.212
2022-08-19 09:50:00,33.2081,8.735
2022-08-19 09:55:00,64.401,6.976
2022-08-19 10:00:00,59.2296,8.587
2022-08-19 10:05:00,43.9823,6.013
2022-08-19 10:10:00,33.2612,9.643
2022-08-19 10:15:00,51.7849,7.436
2022-08-19 10:20:00,43.0029,6.307
2022-08-19 10:25:00,53.4458,8.574
2022-08-19 10:30:00,58.024,7.702
2022-08-19 10:35:00,55.8534,6.0280000000000005
2022-08-19 10:40:00,49.6103,8.779
2022-08-19 10:45:00,56.2778,9.613
2022-08-19 10:50:00,51.4174,9.703
2022-08-19 10:55:00,68.9293,8.698
2022-08-19 11:00:00,44.2595,5.543
2022-08-19 11:05:00,54.1254,8.422
2022-08-19 11:10:00,45.6171,6.629
2022-08-19 11:15:00,37.2003,8.071
2022-08-19 11:20:00,43.8505,8.731
2022-08-19 11:25:00,39.7391,9.091999999999999
2022-08-19 11:30:00,44.8675,9.280999999999999
2022-08-19 11:35:00,50.6003,5.453
2022-08-19 11:40:00,65.421,6.491
2022-08-19 11:45:00,59.4877,10.077
2022-08-19 11:50:00,49.5499,5.368
2022-08-19 11:55:00,46.79,8.261
2022-08-19 12:00:00,42.2296,9.204
2022-08-19 12:05:00,26.4576,6.761
2022-08-19 12:10:00,49.8156,7.623
2022-08-19 12:15:00,61.9609,8.251000000000001
2022-08-19 12:20:00,44.1252,7.181
2022-08-19 12:25:00,35.815,7.587
2022-08-19 12:30:00,63.6443,10.24
2022-08-19 12:35:00,35.9224,7.782
2022-08-19 12:40:00,60.513,5.921
2022-08-19 12:45:00,51.9248,8.731
2022-08-19 12:50:00,39.6742,9.36
2022-08-19 12:55:00,48.8091,7.038
2022-08-19 13:00:00,50.6788,9.836
2022-08-19 13:05:00,34.4627,9.462
2022-08-19 13:10:00,32.6934,9.526
2022-08-19 13:15:00,42.363,5.3
2022-08-19 13:20:00,40.6971,7.753
2022-08-19 13:25:00,63.9129,6.974
2022-08-19 13:30:00,52.3108,5.1259999999999994
2022-08-19 13:35:00,41.4322,7.221
2022-08-19 13:40:00,57.3097,7.939
2022-08-19 13:45:00,59.4635,7.202999999999999
2022-08-19 13:50:00,51.1767,9.394
2022-08-19 13:55:00,39.3629,10.565000000000001
2022-08-19 14:00:00,60.7006,8.489
2022-08-19 14:05:00,57.8211,10.135
2022-08-19 14:10:00,44.7878,8.677
2022-08-19 14:15:00,46.5108,6.913
2022-08-19 14:20:00,49.5609,6.635
2022-08-19 14:25:00,55.5917,7.8420000000000005
2022-08-19 14:30:00,61.0203,7.638999999999999
2022-08-19 14:35:00,59.5261,7.479
2022-08-19 14:40:00,53.9259,9.559999999999999
2022-08-19 14:45:00,41.2676,8.982
2022-08-19 14:50:00,29.0984,7.7940000000000005
2022-08-19 14:55:00,52.459,7.138
2022-08-19 15:00:00,55.2277,4.834
2022-08-19 15:05:00,54.0058,8.925
2022-08-19 15:10:00,47.7484,7.509
2022-08-19 15:15:00,36.6366,5.116
2022-08-19 15:20:00,56.5288,7.398
2022-08-19 15:25:00,51.377,10.242
2022-08-19 15:30:00,53.8732,9.654
2022-08-19 15:35:00,42.1303,7.1579999999999995
2022-08-19 15:40:00,61.4771,5.292
2022-08-19 15:45:00,40.9586,6.0169999999999995
2022-08-19 15:50:00,52.0394,9.151
2022-08-19 15:55:00,48.0222,9.899000000000001
2022-08-19 16:00:00,42.6843,6.641
2022-08-19 16:05:00,52.187,7.779
2022-08-19 16:10:00,39.7337,4.004
2022-08-19 16:15:00,49.6449,9.731
2022-08-19 16:20:00,44.0966,6.744
2022-08-19 16:25:00,63.3104,6.7940000000000005
2022-08-19 16:30:00,38.125,6.645
2022-08-19 16:35:00,19.6244,8.357
2022-08-19 16:40:00,46.9204,11.165
2022-08-19 16:45:00,49.6773,7.418
2022-08-19 16:50:00,66.0401,7.857
2022-08-19 16:55:00,41.1224,7.566
2022-08-19 17:00:00,31.591,5.772
2022-08-19 17:05:00,59.1404,9.137
2022-08-19 17:10:00,43.7893,7.322
2022-08-19 17:15:00,55.8759,9.843
2022-08-19 17:20:00,57.7462,8.512
2022-08-19 17:25:00,45.7922,6.218999999999999
2022-08-19 17:30:00,43.6763,8.46
2022-08-19 17:35:00,59.3248,7.91
2022-08-19 17:40:00,67.8851,6.394
2022-08-19 17:45:00,51.3135,8.489
2022-08-19 17:50:00,45.8876,7.609999999999999
2022-08-19 17:55:00,44.5211,8.035
2022-08-19 18:00:00,41.8818,7.156000000000001
2022-08-19 18:05:00,53.5,8.477
2022-08-19 18:10:00,57.0344,6.523
2022-08-19 18:15:00,65.0617,8.747
2022-08-19 18:20:00,49.9557,8.26
2022-08-19 18:25:00,46.0966,7.547000000000001
2022-08-19 18:30:00,40.5342,7.697
2022-08-19 18:35:00,50.8709,8.488
2022-08-19 18:40:00,35.5733,8.335
2022-08-19 18:45:00,48.4532,9.897
2022-08-19 18:50:00,42.9074,4.893
2022-08-19 18:55:00,61.664,5.91
2022-08-19 19:00:00,62.6049,8.927
2022-08-19 19:05:00,47.3007,7.83
2022-08-19 19:10:00,36.4111,7.952
2022-08-19 19:15:00,58.7767,8.054
2022-08-19 19:20:00,50.2585,7.227
2022-08-19 19:25:00,66.0753,7.471
2022-08-19 19:30:00,48.1574,6.2219999999999995
2022-08-19 19:35:00,44.9806,8.024000000000001
2022-08-19 19:40:00,41.878,9.190999999999999
2022-08-19 19:45:00,43.4112,9.75
2022-08-19 19:50:00,44.4696,7.1690000000000005
2022-08-19 19:55:00,42.5831,10.643
2022-08-19 20:00:00,52.7843,5.475
2022-08-19 20:05:00,55.2073,7.763999999999999
2022-08-19 20:10:00,66.8692,9.479
2022-08-19 20:15:00,46.5346,7.282
2022-08-19 20:20:00,52.0031,8.372
2022-08-19 20:25:00,47.7132,6.6080000000000005
2022-08-19 20:30:00,52.2623,9.143
2022-08-19 20:35:00,57.9001,5.541
2022-08-19 20:40:00,64.3961,4.649
2022-08-19 20:45:00,66.7078,10.07
2022-08-19 20:50:00,46.7244,8.461
2022-08-19 20:55:00,56.1708,9.232
2022-08-19 21:00:00,51.9285,8.211
2022-08-19 21:05:00,53.6085,10.373999999999999
2022-08-19 21:10:00,41.6835,5.538
2022-08-19 21:15:00,48.8288,6.0009999999999994
2022-08-19 21:20:00,63.8308,7.2940000000000005
2022-08-19 21:25:00,43.1047,7.557
2022-08-19 21:30:00,44.7833,6.253
2022-08-19 21:35:00,50.8703,8.318
2022-08-19 21:40:00,58.7681,5.443
2022-08-19 21:45:00,39.9977,7.148
2022-08-19 21:50:00,40.5439,7.216
2022-08-19 21:55:00,50.5216,8.451
2022-08-19 22:00:00,53.6471,6.5440000000000005
2022-08-19 22:05:00,60.123,10.171
2022-08-19 22:10:00,49.7588,8.589
2022-08-19 22:15:00,44.7221,8.812000000000001
2022-08-19 22:20:00,44.1152,9.385
2022-08-19 22:25:00,44.6261,6.539
2022-08-19 22:30:00,53.4423,8.751999999999999
2022-08-19 22:35:00,58.3535,9.411
2022-08-19 22:40:00,44.7391,6.02
2022-08-19 22:45:00,47.2779,8.955
2022-08-19 22:50:00,31.6829,7.072
2022-08-19 22:55:00,40.7659,8.143
2022-08-19 23:00:00,48.0305,10.415
2022-08-19 23:05:00,50.4679,7.747
2022-08-19 23:10:00,58.3476,8.493
2022-08-19 23:15:00,32.332,7.792
2022-08-19 23:20:00,70.344,8.943
2022-08-19 23:25:00,64.1591,10.469999999999999
2022-08-19 23:30:00,46.2566,6.6419999999999995
2022-08-19 23:35:00,44.2102,9.551
2022-08-19 23:40:00,59.5825,9.33
2022-08-19 23:45:00,44.8368,5.082
2022-08-19 23:50:00,44.4019,9.818999999999999
2022-08-19 23:55:00,56.1957,10.582
2022-08-20 00:00:00,39.4293,7.609
2022-08-20 00:05:00,36.9614,9.853
2022-08-20 00:10:00,47.0722,10.621
2022-08-20 00:15:00,44.8711,6.798
2022-08-20 00:20:00,48.7474,4.957
2022-08-20 00:25:00,42.5412,6.9
2022-08-20 00:30:00,36.035,7.367
2022-08-20 00:35:00,56.3984,8.186
2022-08-20 00:40:00,56.8832,9.591999999999999
2022-08-20 00:45:00,49.4639,9.242
2022-08-20 00:50:00,72.3013,8.872
2022-08-20 00:55:00,47.7723,8.589
2022-08-20 01:00:00,53.0614,5.504
2022-08-20 01:05:00,47.4699,8.754999999999999
2022-08-20 01:10:00,49.2913,7.385
2022-08-20 01:15:00,44.8208,8.120000000000001
2022-08-20 01:20:00,54.516,8.751999999999999
2022-08-20 01:25:00,49.026,8.35
2022-08-20 01:30:00,50.6176,6.6
2022-08-20 01:35:00,50.5781,6.196
2022-08-20 01:40:00,41.8453,6.868
2022-08-20 01:45:00,55.4126,7.76
2022-08-20 01:50:00,66.6538,8.846
2022-08-20 01:55:00,61.0826,6.918
2022-08-20 02:00:00,37.0096,6.066
2022-08-20 02:05:00,62.6602,8.41
2022-08-20 02:10:00,60.3661,6.276
2022-08-20 02:15:00,60.0399,7.37
2022-08-20 02:20:00,42.3632,7.051
2022-08-20 02:25:00,57.2081,7.208
2022-08-20 02:30:00,65.1965,7.617
2022-08-20 02:35:00,49.4623,8.866
2022-08-20 02:40:00,64.7314,7.433
2022-08-20 02:45:00,51.215,5.797
2022-08-20 02:50:00,34.9653,6.970000000000001
2022-08-20 02:55:00,57.6454,6.975
2022-08-20 03:00:00,45.0209,5.957
2022-08-20 03:05:00,53.515,6.404999999999999
2022-08-20 03:10:00,54.685,9.152000000000001
2022-08-20 03:15:00,47.4612,5.8740000000000006
2022-08-20 03:20:00,47.7837,7.567
2022-08-20 03:25:00,60.4864,6.04
2022-08-20 03:30:00,43.2758,8.036999999999999
2022-08-20 03:35:00,26.4454,7.436
2022-08-20 03:40:00,51.5597,4.004
2022-08-20 03:45:00,55.6654,6.664
2022-08-20 03:50:00,59.2375,5.705
2022-08-20 03:55:00,57.3319,10.565000000000001
2022-08-20 04:00:00,61.2298,8.394
2022-08-20 04:05:00,44.481,6.633
2022-08-20 04:10:00,54.5252,7.011
2022-08-20 04:15:00,45.339,7.808
2022-08-20 04:20:00,38.0539,7.492
2022-08-20 04:25:00,59.8761,8.335
2022-08-20 04:30:00,66.115,6.503
2022-08-20 04:35:00,54.2993,11.712
2022-08-20 04:40:00,33.107,8.196
2022-08-20 04:45:00,43.8881,7.553
2022-08-20 04:50:00,41.042,8.9
2022-08-20 04:55:00,55.578,9.234
2022-08-20 05:00:00,50.1462,10.344000000000001
2022-08-20 05:05:00,66.0004,5.779
2022-08-20 05:10:00,50.5242,9.34
2022-08-20 05:15:00,65.4443,8.008
2022-08-20 05:20:00,27.3873,7.6690000000000005
2022-08-20 05:25:00,36.461,10.154
2022-08-20 05:30:00,54.7755,11.18
2022-08-20 05:35:00,63.6935,8.966000000000001
2022-08-20 05:40:00,57.8413,9.052
2022-08-20 05:45:00,50.517,7.929
2022-08-20 05:50:00,56.46,8.67
2022-08-20 05:55:00,53.3565,7.654
2022-08-20 06:00:00,47.583,8.462
2022-08-20 06:05:00,54.1537,8.219000000000001
2022-08-20 06:10:00,60.8143,9.046
2022-08-20 06:15:00,60.6109,8.333
2022-08-20 06:20:00,60.064,8.783999999999999
2022-08-20 06:25:00,56.902,8.072
2022-08-20 06:30:00,42.4792,7.327999999999999
2022-08-20 06:35:00,53.4138,7.7780000000000005
2022-08-20 06:40:00,54.5188,5.713
2022-08-20 06:45:00,40.7735,6.505
2022-08-20 06:50:00,43.0039,7.944
2022-08-20 06:55:00,46.3552,8.838000000000001
2022-08-20 07:00:00,60.4278,7.099
2022-08-20 07:05:00,41.3933,8.838000000000001
2022-08-20 07:10:00,67.9143,5.12
2022-08-20 07:15:00,53.8469,8.917
2022-08-20 07:20:00,39.6256,7.413
2022-08-20 07:25:00,64.1041,7.781000000000001
2022-08-20 07:30:00,39.9022,4.583
2022-08-20 07:35:00,55.626,6.675
2022-08-20 07:40:00,54.14,10.157
2022-08-20 07:45:00,48.9233,9.548
2022-08-20 07:50:00,51.979,8.837
2022-08-20 07:55:00,58.0415,8.147
2022-08-20 08:00:00,65.3747,8.558
2022-08-20 08:05:00,39.2506,6.511
2022-08-20 08:10:00,55.6981,7.5120000000000005
2022-08-20 08:15:00,42.5347,8.091999999999999
2022-08-20 08:20:00,47.5668,8.829
2022-08-20 08:25:00,54.0671,6.1579999999999995
2022-08-20 08:30:00,20.5517,8.11
2022-08-20 08:35:00,46.2679,9.280999999999999
2022-08-20 08:40:00,59.913,9.434000000000001
2022-08-20 08:45:00,55.7,6.846
2022-08-20 08:50:00,34.5249,8.165
2022-08-20 08:55:00,67.3471,6.07
2022-08-20 09:00:00,51.2774,6.9
2022-08-20 09:05:00,29.8491,6.269
2022-08-20 09:10:00,51.9118,7.772
2022-08-20 09:15:00,57.2703,7.792
2022-08-20 09:20:00,46.3996,5.959
2022-08-20 09:25:00,34.6129,8.122
2022-08-20 09:30:00,56.1765,10.118
2022-08-20 09:35:00,48.2059,8.251000000000001
2022-08-20 09:40:00,41.454,8.356
2022-08-20 09:45:00,50.9367,5.889
2022-08-20 09:50:00,51.0293,9.214
2022-08-20 09:55:00,60.7921,7.534
2022-08-20 10:00:00,57.7436,9.296
2022-08-20 10:05:00,43.6472,5.666
2022-08-20 10:10:00,44.2183,6.915
2022-08-20 10:15:00,49.0909,9.769
2022-08-20 10:20:00,50.1608,5.594
2022-08-20 10:25:00,51.5622,8.253
2022-08-20 10:30:00,49.9022,9.004
2022-08-20 10:35:00,48.6444,9.591000000000001
2022-08-20 10:40:00,44.2483,7.552
2022-08-20 10:45:00,46.4915,6.279
2022-08-20 10:50:00,65.8573,8.769
2022-08-20 10:55:00,53.8635,8.391
2022-08-20 11:00:00,47.8816,7.23
2022-08-20 11:05:00,40.3178,6.1899999999999995
2022-08-20 11:10:00,44.9879,6.269
2022-08-20 11:15:00,64.2557,5.292
2022-08-20 11:20:00,33.0379,9.527999999999999
2022-08-20 11:25:00,48.0721,7.431
2022-08-20 11:30:00,58.3824,10.204
2022-08-20 11:35:00,37.4329,8.474
2022-08-20 11:40:00,52.1886,7.968999999999999
2022-08-20 11:45:00,48.845,7.885
2022-08-20 11:50:00,46.2435,7.551
2022-08-20 11:55:00,67.3725,9.312999999999999
2022-08-20 12:00:00,43.8789,6.35
2022-08-20 12:05:00,49.9657,6.966
2022-08-20 12:10:00,49.9896,5.357
2022-08-20 12:15:00,35.5966,10.543
2022-08-20 12:20:00,31.8203,6.617
2022-08-20 12:25:00,38.7031,7.88
2022-08-20 12:30:00,61.5763,5.671
2022-08-20 12:35:00,43.621,7.263999999999999
2022-08-20 12:40:00,58.8024,8.11
2022-08-20 12:45:00,54.0167,8.052
2022-08-20 12:50:00,53.7891,7.107
2022-08-20 12:55:00,60.0745,8.464
2022-08-20 13:00:00,63.2911,6.288
2022-08-20 13:05:00,39.6782,7.445
2022-08-20 13:10:00,40.0093,6.9670000000000005
2022-08-20 13:15:00,48.1805,10.026
2022-08-20 13:20:00,55.5009,9.487
2022-08-20 13:25:00,49.772,8.301
2022-08-20 13:30:00,60.0764,8.777000000000001
2022-08-20 13:35:00,52.5854,9.233
2022-08-20 13:40:00,59.8747,6.947
2022-08-20 13:45:00,51.0886,8.007
2022-08-20 13:50:00,49.8409,6.959
2022-08-20 13:55:00,50.5767,7.8919999999999995
2022-08-20 14:00:00,49.8528,8.682
2022-08-20 14:05:00,39.7214,9.486
2022-08-20 14:10:00,41.4539,8.995000000000001
2022-08-20 14:15:00,43.9718,6.0760000000000005
2022-08-20 14:20:00,53.2909,7.675
2022-08-20 14:25:00,60.4036,11.783999999999999
2022-08-20 14:30:00,41.9299,8.859
2022-08-20 14:35:00,40.9723,6.848
2022-08-20 14:40:00,48.4635,5.3100000000000005
2022-08-20 14:45:00,52.9705,7.8759999999999994
2022-08-20 14:50:00,52.7116,7.463
2022-08-20 14:55:00,45.1369,8.495000000000001
2022-08-20 15:00:00,41.4444,7.579000000000001
2022-08-20 15:05:00,49.5823,7.909
2022-08-20 15:10:00,44.1468,8.18
2022-08-20 15:15:00,55.3103,6.394
2022-08-20 15:20:00,52.681,6.9079999999999995
2022-08-20 15:25:00,39.8639,8.905000000000001
2022-08-20 15:30:00,58.3145,6.3629999999999995
2022-08-20 15:35:00,45.4523,10.035
2022-08-20 15:40:00,43.9203,5.808
2022-08-20 15:45:00,54.0405,5.5600000000000005
2022-08-20 15:50:00,44.2398,5.804
2022-08-20 15:55:00,34.3513,7.175
2022-08-20 16:00:00,49.1251,5.769
2022-08-20 16:05:00,51.2289,5.45
2022-08-20 16:10:00,47.116,6.356
2022-08-20 16:15:00,60.7723,4.5280000000000005
2022-08-20 16:20:00,50.1912,8.131
2022-08-20 16:25:00,55.8824,5.827
2022-08-20 16:30:00,65.8864,7.619
2022-08-20 16:35:00,50.1862,7.373
2022-08-20 16:40:00,33.3498,8.972000000000001
2022-08-20 16:45:00,47.6146,6.954000000000001
2022-08-20 16:50:00,62.1443,6.898
2022-08-20 16:55:00,44.719,10.419
2022-08-20 17:00:00,61.1323,7.324
2022-08-20 17:05:00,43.2375,10.299
2022-08-20 17:10:00,47.5383,7.266
2022-08-20 17:15:00,65.9619,9.442
2022-08-20 17:20:00,53.7577,8.081
2022-08-20 17:25:00,53.3101,9.468
2022-08-20 17:30:00,47.6903,6.3420000000000005
2022-08-20 17:35:00,43.2438,8.121
2022-08-20 17:40:00,28.0285,7.7219999999999995
2022-08-20 17:45:00,48.1033,5.753
2022-08-20 17:50:00,43.493,9.025
2022-08-20 17:55:00,48.539,7.923
2022-08-20 18:00:00,47.7899,7.51
2022-08-20 18:05:00,46.2897,5.72
2022-08-20 18:10:00,46.4283,4.004
2022-08-20 18:15:00,54.1758,7.506
2022-08-20 18:20:00,48.535,7.9990000000000006
2022-08-20 18:25:00,58.0696,4.868
2022-08-20 18:30:00,70.9919,7.351
2022-08-20 18:35:00,41.4317,10.129
2022-08-20 18:40:00,55.6877,6.3629999999999995
2022-08-20 18:45:00,54.6972,9.854
2022-08-20 18:50:00,40.7349,7.759
2022-08-20 18:55:00,45.1258,7.849
2022-08-20 19:00:00,48.9374,7.568
2022-08-20 19:05:00,64.3971,7.6739999999999995
2022-08-20 19:10:00,62.0221,6.696
2022-08-20 19:15:00,43.0532,6.996
2022-08-20 19:20:00,46.3732,9.394
2022-08-20 19:25:00,51.5011,6.077999999999999
2022-08-20 19:30:00,51.6395,6.561999999999999
2022-08-20 19:35:00,41.6416,7.609
2022-08-20 19:40:00,44.4907,6.531000000000001
2022-08-20 19:45:00,47.8095,7.881
2022-08-20 19:50:00,62.7095,10.107
2022-08-20 19:55:00,50.1177,6.76
2022-08-20 20:00:00,37.8698,6.813000000000001
2022-08-20 20:05:00,51.6795,8.811
2022-08-20 20:10:00,54.9618,5.505
2022-08-20 20:15:00,53.7004,9.934999999999999
2022-08-20 20:20:00,64.1275,4.491
2022-08-20 20:25:00,34.8098,9.889
2022-08-20 20:30:00,54.7751,8.443999999999999
2022-08-20 20:35:00,41.2766,9.248999999999999
2022-08-20 20:40:00,35.3996,6.883
2022-08-20 20:45:00,58.9052,10.033000000000001
2022-08-20 20:50:00,36.3785,8.5
2022-08-20 20:55:00,56.2033,7.289
2022-08-20 21:00:00,43.6075,6.864
2022-08-20 21:05:00,42.5733,7.122
2022-08-20 21:10:00,57.0501,9.336
2022-08-20 21:15:00,52.1453,8.015
2022-08-20 21:20:00,36.819,8.166
2022-08-20 21:25:00,27.6367,6.614
2022-08-20 21:30:00,31.5595,8.652999999999999
2022-08-20 21:35:00,39.575,8.019
2022-08-20 21:40:00,58.5326,7.4879999999999995
2022-08-20 21:45:00,52.7997,6.623
2022-08-20 21:50:00,47.9603,8.262
2022-08-20 21:55:00,46.9264,8.472999999999999
2022-08-20 22:00:00,50.1369,8.009
2022-08-20 22:05:00,53.1369,6.127
2022-08-20 22:10:00,50.184,9.371
2022-08-20 22:15:00,54.2973,7.365
2022-08-20 22:20:00,43.2695,7.117
2022-08-20 22:25:00,48.6052,4.89
2022-08-20 22:30:00,71.6916,8.413
2022-08-20 22:35:00,38.3158,9.964
2022-08-20 22:40:00,64.4059,5.6259999999999994
2022-08-20 22:45:00,51.5205,9.032
2022-08-20 22:50:00,44.2107,8.044
2022-08-20 22:55:00,44.4099,6.609999999999999
2022-08-20 23:00:00,33.2761,7.067
2022-08-20 23:05:00,42.4009,9.003
2022-08-20 23:10:00,52.6731,9.512
2022-08-20 23:15:00,42.6003,6.743
2022-08-20 23:20:00,44.2622,9.283000000000001
2022-08-20 23:25:00,44.2726,9.138
2022-08-20 23:30:00,30.3962,6.981
2022-08-20 23:35:00,38.0421,10.799
2022-08-20 23:40:00,37.0476,5.9030000000000005
2022-08-20 23:45:00,50.8627,7.117
2022-08-20 23:50:00,44.9788,4.325
2022-08-20 23:55:00,58.4656,5.574
2022-08-21 00:00:00,63.1115,8.573
2022-08-21 00:05:00,46.5167,4.462
2022-08-21 00:10:00,68.3203,7.77
2022-08-21 00:15:00,44.4371,11.43
2022-08-21 00:20:00,39.1399,7.556
2022-08-21 00:25:00,37.9988,6.317
2022-08-21 00:30:00,47.1733,8.639
2022-08-21 00:35:00,51.2758,7.88
2022-08-21 00:40:00,58.1367,7.5809999999999995
2022-08-21 00:45:00,61.4191,7.298
2022-08-21 00:50:00,61.4627,7.779999999999999
2022-08-21 00:55:00,59.9707,10.466999999999999
2022-08-21 01:00:00,46.1232,4.983
2022-08-21 01:05:00,55.5377,10.458
2022-08-21 01:10:00,75.6685,8.859
2022-08-21 01:15:00,49.9716,8.634
2022-08-21 01:20:00,44.4304,9.2
2022-08-21 01:25:00,30.6801,6.915
2022-08-21 01:30:00,34.4643,7.8580000000000005
2022-08-21 01:35:00,40.1768,8.365
2022-08-21 01:40:00,43.6451,6.71
2022-08-21 01:45:00,42.6895,6.367
2022-08-21 01:50:00,59.351,8.887
2022-08-21 01:55:00,48.6473,9.437999999999999
2022-08-21 02:00:00,59.7639,6.152
2022-08-21 02:05:00,60.3538,6.452
2022-08-21 02:10:00,38.7477,7.99
2022-08-21 02:15:00,56.3518,8.652999999999999
2022-08-21 02:20:00,63.7668,8.329
2022-08-21 02:25:00,37.8827,5.255
2022-08-21 02:30:00,50.0209,4.933
2022-08-21 02:35:00,56.2637,7.529
2022-08-21 02:40:00,42.3338,6.673
2022-08-21 02:45:00,52.9246,10.424
2022-08-21 02:50:00,65.9488,6.324
2022-08-21 02:55:00,49.0304,6.221
2022-08-21 03:00:00,52.6333,5.548
2022-08-21 03:05:00,39.8018,7.8740000000000006
2022-08-21 03:10:00,64.925,9.536
2022-08-21 03:15:00,42.3391,7.170999999999999
2022-08-21 03:20:00,36.1481,6.598
2022-08-21 03:25:00,41.9297,5.652
2022-08-21 03:30:00,54.4354,8.469999999999999
2022-08-21 03:35:00,51.9405,7.053
2022-08-21 03:40:00,51.8872,5.819
2022-08-21 03:45:00,23.7821,8.806000000000001
2022-08-21 03:50:00,53.26,7.093
2022-08-21 03:55:00,52.9693,6.745
2022-08-21 04:00:00,52.7338,10.151
2022-08-21 04:05:00,38.9073,8.712
2022-08-21 04:10:00,49.7775,5.359
2022-08-21 04:15:00,38.6957,9.075
2022-08-21 04:20:00,49.9378,9.546
2022-08-21 04:25:00,40.8444,7.227
2022-08-21 04:30:00,40.2377,7.699
2022-08-21 04:35:00,36.1623,6.994
2022-08-21 04:40:00,51.1518,8.766
2022-08-21 04:45:00,37.0878,8.068999999999999
2022-08-21 04:50:00,70.6214,6.585
2022-08-21 04:55:00,60.4527,7.8260000000000005
2022-08-21 05:00:00,39.4067,7.802
2022-08-21 05:05:00,48.6538,7.479
2022-08-21 05:10:00,57.7816,6.837
2022-08-21 05:15:00,58.8535,6.593
2022-08-21 05:20:00,57.5498,10.192
2022-08-21 05:25:00,31.8673,7.978
2022-08-21 05:30:00,35.3027,9.091000000000001
2022-08-21 05:35:00,43.1686,8.850999999999999
2022-08-21 05:40:00,68.0149,7.369
2022-08-21 05:45:00,33.886,8.586
2022-08-21 05:50:00,44.1152,8.456
2022-08-21 05:55:00,47.2379,8.503
2022-08-21 06:00:00,59.0037,7.629
2022-08-21 06:05:00,55.6332,6.4239999999999995
2022-08-21 06:10:00,41.3515,9.724
2022-08-21 06:15:00,68.237,5.252
2022-08-21 06:20:00,61.0433,10.163
2022-08-21 06:25:00,34.9081,6.4239999999999995
2022-08-21 06:30:00,30.6238,6.276
2022-08-21 06:35:00,52.7003,9.321
2022-08-21 06:40:00,49.0066,6.266
2022-08-21 06:45:00,43.164,6.266
2022-08-21 06:50:00,36.9776,6.093
2022-08-21 06:55:00,51.4263,7.177
2022-08-21 07:00:00,55.076,7.107
2022-08-21 07:05:00,59.439,6.005
2022-08-21 07:10:00,46.9252,9.142
2022-08-21 07:15:00,41.3731,7.1530000000000005
2022-08-21 07:20:00,58.5471,7.1370000000000005
2022-08-21 07:25:00,51.778,6.934
2022-08-21 07:30:00,42.7565,10.431000000000001
2022-08-21 07:35:00,46.794,5.056
2022-08-21 07:40:00,47.7265,7.598
2022-08-21 07:45:00,60.1247,7.7
2022-08-21 07:50:00,61.7411,8.088000000000001
2022-08-21 07:55:00,51.3388,9.344999999999999
2022-08-21 08:00:00,48.1368,7.228
2022-08-21 08:05:00,52.9664,7.511
2022-08-21 08:10:00,35.7565,6.843999999999999
2022-08-21 08:15:00,60.7177,7.49
2022-08-21 08:20:00,44.8462,7.606
2022-08-21 08:25:00,59.7061,9.381
2022-08-21 08:30:00,38.5731,7.529
2022-08-21 08:35:00,53.3304,4.559
2022-08-21 08:40:00,41.4611,10.036999999999999
2022-08-21 08:45:00,53.6114,7.575
2022-08-21 08:50:00,71.0352,8.411999999999999
2022-08-21 08:55:00,27.6276,8.355
2022-08-21 09:00:00,59.6436,5.922
2022-08-21 09:05:00,40.2852,7.859
2022-08-21 09:10:00,31.8273,7.582
2022-08-21 09:15:00,54.7103,7.143
2022-08-21 09:20:00,49.8995,6.16
2022-08-21 09:25:00,46.1017,9.350999999999999
2022-08-21 09:30:00,37.877,9.622
2022-08-21 09:35:00,51.9628,8.838000000000001
2022-08-21 09:40:00,43.6261,7.6129999999999995
2022-08-21 09:45:00,52.8458,5.236
2022-08-21 09:50:00,52.1566,10.766
2022-08-21 09:55:00,46.4209,8.533999999999999
2022-08-21 10:00:00,27.9655,7.359
2022-08-21 10:05:00,41.9639,7.334
2022-08-21 10:10:00,41.2413,9.030999999999999
2022-08-21 10:15:00,34.3749,8.033000000000001
2022-08-21 10:20:00,38.4969,8.65
2022-08-21 10:25:00,43.5278,8.077
2022-08-21 10:30:00,24.5478,7.013
2022-08-21 10:35:00,44.94,6.318
2022-08-21 10:40:00,37.1762,7.503
2022-08-21 10:45:00,48.9338,9.164
2022-08-21 10:50:00,63.6547,8.523
2022-08-21 10:55:00,54.2679,8.737
2022-08-21 11:00:00,52.7328,6.857
2022-08-21 11:05:00,29.504,9.82
2022-08-21 11:10:00,53.4817,5.031
2022-08-21 11:15:00,54.944,6.407
2022-08-21 11:20:00,66.2013,9.041
2022-08-21 11:25:00,72.3756,8.125
2022-08-21 11:30:00,58.9827,9.703
2022-08-21 11:35:00,53.0407,5.547
2022-08-21 11:40:00,49.503,7.753
2022-08-21 11:45:00,28.9322,9.530000000000001
2022-08-21 11:50:00,57.3679,7.974
2022-08-21 11:55:00,28.338,8.431000000000001
2022-08-21 12:00:00,45.4671,4.101
2022-08-21 12:05:00,47.4871,8.234
2022-08-21 12:10:00,45.8193,9.039
2022-08-21 12:15:00,47.5127,8.458
2022-08-21 12:20:00,65.4032,9.218
2022-08-21 12:25:00,49.2697,10.754999999999999
2022-08-21 12:30:00,48.8762,6.494
2022-08-21 12:35:00,46.2741,6.482
2022-08-21 12:40:00,47.3491,8.084
2022-08-21 12:45:00,54.6226,9.952
2022-08-21 12:50:00,52.5288,4.402
2022-08-21 12:55:00,49.251,7.204000000000001
2022-08-21 13:00:00,44.775,8.652000000000001
2022-08-21 13:05:00,42.5558,8.871
2022-08-21 13:10:00,48.5185,6.559
2022-08-21 13:15:00,44.9065,7.339
2022-08-21 13:20:00,36.5791,11.455
2022-08-21 13:25:00,55.3142,6.102
2022-08-21 13:30:00,67.6598,5.906
2022-08-21 13:35:00,39.7721,8.916
2022-08-21 13:40:00,50.9304,6.57
2022-08-21 13:45:00,64.4434,9.241
2022-08-21 13:50:00,51.1035,9.096
2022-08-21 13:55:00,33.5612,8.634
2022-08-21 14:00:00,59.2253,5.632
2022-08-21 14:05:00,40.3899,7.327999999999999
2022-08-21 14:10:00,74.7739,9.254
2022-08-21 14:15:00,56.0627,9.463000000000001
2022-08-21 14:20:00,49.1029,8.576
2022-08-21 14:25:00,45.3363,8.071
2022-08-21 14:30:00,28.3205,6.247
2022-08-21 14:35:00,38.5981,10.246
2022-08-21 14:40:00,59.0106,7.429
2022-08-21 14:45:00,70.9971,9.764
2022-08-21 14:50:00,59.9093,5.391
2022-08-21 14:55:00,58.4864,10.01
2022-08-21 15:00:00,32.2966,8.225999999999999
2022-08-21 15:05:00,55.3953,9.701
2022-08-21 15:10:00,50.6627,9.396
2022-08-21 15:15:00,48.4934,8.128
2022-08-21 15:20:00,49.3697,9.254
2022-08-21 15:25:00,44.3589,6.933
2022-08-21 15:30:00,50.6137,6.882
2022-08-21 15:35:00,51.8374,8.497
2022-08-21 15:40:00,42.7902,7.118
2022-08-21 15:45:00,45.1933,7.165
2022-08-21 15:50:00,52.2726,7.192
2022-08-21 15:55:00,36.4704,7.075
2022-08-21 16:00:00,72.1944,6.569
2022-08-21 16:05:00,32.3249,8.489
2022-08-21 16:10:00,56.002,8.451
2022-08-21 16:15:00,53.4514,8.016
2022-08-21 16:20:00,50.4883,7.439
2022-08-21 16:25:00,41.4837,8.504999999999999
2022-08-21 16:30:00,41.7125,8.795
2022-08-21 16:35:00,44.5321,5.74
2022-08-21 16:40:00,52.3636,9.391
2022-08-21 16:45:00,46.0112,8.987
2022-08-21 16:50:00,56.2386,6.781000000000001
2022-08-21 16:55:00,53.0603,7.184
2022-08-21 17:00:00,55.7716,9.158000000000001
2022-08-21 17:05:00,46.875,6.152
2022-08-21 17:10:00,51.7524,11.224
2022-08-21 17:15:00,41.938,8.097000000000001
2022-08-21 17:20:00,58.9106,9.097000000000001
2022-08-21 17:25:00,59.6469,9.192
2022-08-21 17:30:00,50.6234,8.782
2022-08-21 17:35:00,40.7395,7.785
2022-08-21 17:40:00,40.3761,8.975999999999999
2022-08-21 17:45:00,69.1351,8.772
2022-08-21 17:50:00,58.2822,8.097999999999999
2022-08-21 17:55:00,54.2426,9.501000000000001
2022-08-21 18:00:00,35.0941,6.179
2022-08-21 18:05:00,55.0189,7.2219999999999995
2022-08-21 18:10:00,57.2293,8.108
2022-08-21 18:15:00,43.984,8.225
2022-08-21 18:20:00,43.9319,7.628
2022-08-21 18:25:00,37.5293,7.981
2022-08-21 18:30:00,49.6297,7.776
2022-08-21 18:35:00,42.5687,6.412
2022-08-21 18:40:00,39.246,7.2989999999999995
2022-08-21 18:45:00,40.6588,9.324
2022-08-21 18:50:00,51.446,7.968
2022-08-21 18:55:00,63.9069,9.416
2022-08-21 19:00:00,71.7414,6.12
2022-08-21 19:05:00,58.5138,7.67
2022-08-21 19:10:00,46.0303,5.928
2022-08-21 19:15:00,34.0103,6.556
2022-08-21 19:20:00,54.0856,7.843999999999999
2022-08-21 19:25:00,51.6103,7.321
2022-08-21 19:30:00,59.7714,7.981
2022-08-21 19:35:00,56.5665,6.709
2022-08-21 19:40:00,56.9138,6.745
2022-08-21 19:45:00,55.9189,9.282
2022-08-21 19:50:00,44.5762,7.968
2022-08-21 19:55:00,47.3655,7.904999999999999
2022-08-21 20:00:00,35.5781,4.905
2022-08-21 20:05:00,47.2954,8.317
2022-08-21 20:10:00,37.1984,5.656
2022-08-21 20:15:00,49.8612,6.061
2022-08-21 20:20:00,47.1294,7.846
2022-08-21 20:25:00,42.0371,4.276
2022-08-21 20:30:00,34.9722,8.721
2022-08-21 20:35:00,54.0518,7.202999999999999
2022-08-21 20:40:00,51.7128,5.399
2022-08-21 20:45:00,48.9584,9.013
2022-08-21 20:50:00,52.4716,9.649000000000001
2022-08-21 20:55:00,61.0507,6.998
2022-08-21 21:00:00,45.9115,6.654999999999999
2022-08-21 21:05:00,44.1317,8.993
2022-08-21 21:10:00,43.5296,8.152000000000001
2022-08-21 21:15:00,64.1255,9.626999999999999
2022-08-21 21:20:00,48.1006,10.353
2022-08-21 21:25:00,45.0589,7.013
2022-08-21 21:30:00,52.0138,7.835
2022-08-21 21:35:00,59.1875,6.748
2022-08-21 21:40:00,42.9957,6.288
2022-08-21 21:45:00,57.988,8.354
2022-08-21 21:50:00,48.6804,10.54
2022-08-21 21:55:00,50.1245,9.096
2022-08-21 22:00:00,41.5926,8.588000000000001
2022-08-21 22:05:00,47.775,6.943
2022-08-21 22:10:00,49.2285,5.295
2022-08-21 22:15:00,57.3049,8.508
2022-08-21 22:20:00,61.9286,6.981
2022-08-21 22:25:00,47.3724,8.748000000000001
2022-08-21 22:30:00,47.6033,7.052
2022-08-21 22:35:00,41.3886,8.664
2022-08-21 22:40:00,47.7662,7.462
2022-08-21 22:45:00,59.9615,7.458
2022-08-21 22:50:00,62.3152,8.839
2022-08-21 22:55:00,60.4625,9.205
2022-08-21 23:00:00,40.5796,8.43
2022-08-21 23:05:00,37.0679,8.838000000000001
2022-08-21 23:10:00,45.3786,8.469000000000001
2022-08-21 23:15:00,47.465,9.988
2022-08-21 23:20:00,40.8096,9.114
2022-08-21 23:25:00,53.5694,5.495
2022-08-21 23:30:00,58.8816,7.325
2022-08-21 23:35:00,47.6645,8.35
2022-08-21 23:40:00,35.968,7.265000000000001
2022-08-21 23:45:00,32.7425,6.649
2022-08-21 23:50:00,30.2447,7.55
2022-08-21 23:55:00,58.8946,7.612
2022-08-22 00:00:00,53.3506,7.037
2022-08-22 00:05:00,52.7536,5.506
2022-08-22 00:10:00,61.0993,6.686
2022-08-22 00:15:00,55.0364,8.049
2022-08-22 00:20:00,48.2039,6.784
2022-08-22 00:25:00,62.3228,6.744
2022-08-22 00:30:00,48.5465,8.133
2022-08-22 00:35:00,32.4817,7.404
2022-08-22 00:40:00,62.596,6.445
2022-08-22 00:45:00,49.2197,9.183
2022-08-22 00:50:00,50.9296,6.309
2022-08-22 00:55:00,51.1965,9.839
2022-08-22 01:00:00,50.7852,7.325
2022-08-22 01:05:00,63.0402,7.667
2022-08-22 01:10:00,67.3526,8.100999999999999
2022-08-22 01:15:00,38.6921,10.399000000000001
2022-08-22 01:20:00,51.9377,7.027
2022-08-22 01:25:00,52.0145,5.527
2022-08-22 01:30:00,50.8527,10.64
2022-08-22 01:35:00,42.099,9.152000000000001
2022-08-22 01:40:00,60.7296,5.663
2022-08-22 01:45:00,39.6894,6.35
2022-08-22 01:50:00,49.9978,9.177
2022-08-22 01:55:00,52.8831,8.497
2022-08-22 02:00:00,50.6803,8.77
2022-08-22 02:05:00,52.1805,6.07
2022-08-22 02:10:00,45.866,7.406000000000001
2022-08-22 02:15:00,29.0812,4.538
2022-08-22 02:20:00,54.1968,8.315999999999999
2022-08-22 02:25:00,48.7116,9.552
2022-08-22 02:30:00,52.1245,6.996
2022-08-22 02:35:00,62.3785,7.88
2022-08-22 02:40:00,42.7614,8.292
2022-08-22 02:45:00,40.1727,6.681
2022-08-22 02:50:00,54.4487,5.792
2022-08-22 02:55:00,41.4166,9.536
2022-08-22 03:00:00,26.4083,5.3580000000000005
2022-08-22 03:05:00,39.9085,7.714
2022-08-22 03:10:00,47.5836,6.398
2022-08-22 03:15:00,64.6176,5.32
2022-08-22 03:20:00,46.4576,7.95
2022-08-22 03:25:00,29.6085,8.538
2022-08-22 03:30:00,46.6529,9.077
2022-08-22 03:35:00,41.4848,10.105
2022-08-22 03:40:00,52.5839,6.915
2022-08-22 03:45:00,40.3374,5.6
2022-08-22 03:50:00,37.723,8.413
2022-08-22 03:55:00,46.1185,6.058
2022-08-22 04:00:00,40.728,6.394
2022-08-22 04:05:00,51.2446,7.789
2022-08-22 04:10:00,59.2474,4.7059999999999995
2022-08-22 04:15:00,23.2727,7.05
2022-08-22 04:20:00,50.9852,8.311
2022-08-22 04:25:00,37.4926,9.99
2022-08-22 04:30:00,50.0749,8.639
2022-08-22 04:35:00,53.6945,6.941
2022-08-22 04:40:00,42.5562,4.507
2022-08-22 04:45:00,38.2757,6.713
2022-08-22 04:50:00,40.2142,7.907
2022-08-22 04:55:00,50.6287,7.438000000000001
2022-08-22 05:00:00,58.8497,10.254
2022-08-22 05:05:00,31.688,7.459
2022-08-22 05:10:00,58.5916,8.742
2022-08-22 05:15:00,46.8246,11.344999999999999
2022-08-22 05:20:00,66.7896,10.667
2022-08-22 05:25:00,54.2338,6.616
2022-08-22 05:30:00,42.5832,5.671
2022-08-22 05:35:00,31.9926,6.54
2022-08-22 05:40:00,43.1025,9.911999999999999
2022-08-22 05:45:00,41.6793,8.774000000000001
2022-08-22 05:50:00,55.6462,7.928
2022-08-22 05:55:00,46.1573,5.634
2022-08-22 06:00:00,36.6817,7.043
2022-08-22 06:05:00,44.3587,7.263999999999999
2022-08-22 06:10:00,38.1268,7.809
2022-08-22 06:15:00,81.2279,5.139
2022-08-22 06:20:00,51.6438,7.325
2022-08-22 06:25:00,46.3748,5.191
2022-08-22 06:30:00,42.4896,8.895
2022-08-22 06:35:00,60.4328,7.647
2022-08-22 06:40:00,41.5553,7.827
2022-08-22 06:45:00,44.072,7.649
2022-08-22 06:50:00,48.4684,6.994
2022-08-22 06:55:00,54.6117,8.026
2022-08-22 07:00:00,53.519,5.946
2022-08-22 07:05:00,41.4467,7.313000000000001
2022-08-22 07:10:00,46.7855,10.17
2022-08-22 07:15:00,35.7112,9.274000000000001
2022-08-22 07:20:00,40.3747,6.471
2022-08-22 07:25:00,36.9531,8.091999999999999
2022-08-22 07:30:00,50.1405,4.54
2022-08-22 07:35:00,53.4134,4.819
2022-08-22 07:40:00,49.6381,8.123000000000001
2022-08-22 07:45:00,53.0027,9.843
2022-08-22 07:50:00,54.9307,7.681
2022-08-22 07:55:00,46.6645,5.4879999999999995
2022-08-22 08:00:00,67.6474,8.475999999999999
2022-08-22 08:05:00,37.6971,5.151
2022-08-22 08:10:00,50.5586,8.077
2022-08-22 08:15:00,31.136,7.369
2022-08-22 08:20:00,52.0988,9.631
2022-08-22 08:25:00,52.2491,8.806000000000001
2022-08-22 08:30:00,47.629,7.164
2022-08-22 08:35:00,73.7905,7.87
2022-08-22 08:40:00,51.884,6.952
2022-08-22 08:45:00,39.0468,4.925
2022-08-22 08:50:00,51.0209,7.031000000000001
2022-08-22 08:55:00,62.1556,8.509
2022-08-22 09:00:00,60.5969,10.455
2022-08-22 09:05:00,48.9622,8.742
2022-08-22 09:10:00,55.9326,9.783999999999999
2022-08-22 09:15:00,42.8743,7.256
2022-08-22 09:20:00,30.7422,6.864
2022-08-22 09:25:00,46.6171,9.067
2022-08-22 09:30:00,57.3083,8.524000000000001
2022-08-22 09:35:00,42.352,6.909
2022-08-22 09:40:00,42.7558,6.59
2022-08-22 09:45:00,64.5397,7.803
2022-08-22 09:50:00,45.3276,5.148
2022-08-22 09:55:00,46.8783,5.497
2022-08-22 10:00:00,48.0779,10.227
2022-08-22 10:05:00,62.8993,8.706
2022-08-22 10:10:00,44.5698,7.0440000000000005
2022-08-22 10:15:00,28.597,10.058
2022-08-22 10:20:00,33.5535,7.6259999999999994
2022-08-22 10:25:00,48.6438,8.940999999999999
2022-08-22 10:30:00,45.6104,7.838
2022-08-22 10:35:00,38.8912,9.975999999999999
2022-08-22 10:40:00,61.2167,5.101
2022-08-22 10:45:00,57.5045,6.616
2022-08-22 10:50:00,44.7681,6.683
2022-08-22 10:55:00,70.3051,5.08
2022-08-22 11:00:00,40.6919,9.754
2022-08-22 11:05:00,40.6545,5.195
2022-08-22 11:10:00,40.1275,7.156000000000001
2022-08-22 11:15:00,57.2302,8.902000000000001
2022-08-22 11:20:00,55.0983,9.289
2022-08-22 11:25:00,62.8927,6.877
2022-08-22 11:30:00,46.6022,7.302
2022-08-22 11:35:00,56.9242,6.407
2022-08-22 11:40:00,37.3414,10.628
2022-08-22 11:45:00,45.0719,7.885
2022-08-22 11:50:00,41.7748,9.187999999999999
2022-08-22 11:55:00,51.7452,7.936
2022-08-22 12:00:00,55.5585,6.886
2022-08-22 12:05:00,48.5309,6.8469999999999995
2022-08-22 12:10:00,53.0685,7.207
2022-08-22 12:15:00,46.1452,9.079
2022-08-22 12:20:00,47.5759,6.829000000000001
2022-08-22 12:25:00,41.115,8.562999999999999
2022-08-22 12:30:00,50.0708,6.177
2022-08-22 12:35:00,35.1927,7.321
2022-08-22 12:40:00,36.8444,8.117
2022-08-22 12:45:00,42.5336,11.801
2022-08-22 12:50:00,47.3964,10.761
2022-08-22 12:55:00,56.5552,7.681
2022-08-22 13:00:00,53.2532,7.805
2022-08-22 13:05:00,46.0511,9.811
2022-08-22 13:10:00,48.9142,10.442
2022-08-22 13:15:00,52.8564,4.004
2022-08-22 13:20:00,47.0654,5.2620000000000005
2022-08-22 13:25:00,46.5975,9.952
2022-08-22 13:30:00,42.315,10.352
2022-08-22 13:35:00,31.5101,7.415
2022-08-22 13:40:00,49.8043,8.52
2022-08-22 13:45:00,62.8729,6.365
2022-08-22 13:50:00,51.6413,8.587
2022-08-22 13:55:00,43.4877,7.777
2022-08-22 14:00:00,47.5442,8.594999999999999
2022-08-22 14:05:00,44.9914,8.099
2022-08-22 14:10:00,68.0332,10.564
2022-08-22 14:15:00,54.4853,4.004
2022-08-22 14:20:00,44.8218,6.513999999999999
2022-08-22 14:25:00,46.2036,7.466
2022-08-22 14:30:00,64.6034,8.366
2022-08-22 14:35:00,47.8157,7.893
2022-08-22 14:40:00,57.3979,8.207
2022-08-22 14:45:00,29.4142,8.1
2022-08-22 14:50:00,51.5534,6.631
2022-08-22 14:55:00,42.3716,7.211
2022-08-22 15:00:00,31.7436,6.378
2022-08-22 15:05:00,21.1641,6.3260000000000005
2022-08-22 15:10:00,55.6771,7.519
2022-08-22 15:15:00,58.072,9.647
2022-08-22 15:20:00,45.9028,6.636
2022-08-22 15:25:00,46.666,7.0600000000000005
2022-08-22 15:30:00,38.9219,7.961
2022-08-22 15:35:00,59.2754,8.733
2022-08-22 15:40:00,35.5375,7.822
2022-08-22 15:45:00,36.5103,7.166
2022-08-22 15:50:00,45.8133,7.631
2022-08-22 15:55:00,62.5979,8.672
2022-08-22 16:00:00,58.3211,7.9990000000000006
2022-08-22 16:05:00,49.8079,5.1080000000000005
2022-08-22 16:10:00,57.2842,9.415
2022-08-22 16:15:00,51.0271,7.105
2022-08-22 16:20:00,55.187,8.006
2022-08-22 16:25:00,43.2255,7.329000000000001
2022-08-22 16:30:00,51.5543,8.323
2022-08-22 16:35:00,49.1754,4.859
2022-08-22 16:40:00,51.1243,10.309000000000001
2022-08-22 16:45:00,39.5272,8.456
2022-08-22 16:50:00,60.8485,7.827
2022-08-22 16:55:00,45.6776,5.479
2022-08-22 17:00:00,51.4267,9.302
2022-08-22 17:05:00,67.4305,5.6899999999999995
2022-08-22 17:10:00,52.8976,8.697
2022-08-22 17:15:00,56.4345,6.732
2022-08-22 17:20:00,55.0249,9.805
2022-08-22 17:25:00,61.6166,7.263999999999999
2022-08-22 17:30:00,57.8252,7.3759999999999994
2022-08-22 17:35:00,71.032,7.909
2022-08-22 17:40:00,52.3673,8.873000000000001
2022-08-22 17:45:00,76.0833,8.186
2022-08-22 17:50:00,33.5945,8.045
2022-08-22 17:55:00,52.4579,6.583
2022-08-22 18:00:00,53.3786,9.112
2022-08-22 18:05:00,56.4245,8.111
2022-08-22 18:10:00,48.8603,7.782
2022-08-22 18:15:00,59.9947,8.722000000000001
2022-08-22 18:20:00,45.8377,9.849
2022-08-22 18:25:00,54.4294,5.735
2022-08-22 18:30:00,36.8624,9.556000000000001
2022-08-22 18:35:00,46.4657,6.982
2022-08-22 18:40:00,45.7012,9.046
2022-08-22 18:45:00,58.1925,7.7940000000000005
2022-08-22 18:50:00,34.746,7.817
2022-08-22 18:55:00,38.1659,6.912
2022-08-22 19:00:00,56.3556,8.682
2022-08-22 19:05:00,36.4396,9.019
2022-08-22 19:10:00,59.9742,7.708
2022-08-22 19:15:00,65.3369,8.312999999999999
2022-08-22 19:20:00,40.6593,11.679
2022-08-22 19:25:00,61.3776,9.902999999999999
2022-08-22 19:30:00,44.7292,7.8629999999999995
2022-08-22 19:35:00,52.4586,8.167
2022-08-22 19:40:00,49.2112,6.593999999999999
2022-08-22 19:45:00,62.3648,7.843
2022-08-22 19:50:00,52.0432,11.369
2022-08-22 19:55:00,56.8807,6.459
2022-08-22 20:00:00,56.4573,10.167
2022-08-22 20:05:00,49.1027,6.599
2022-08-22 20:10:00,72.0862,8.779
2022-08-22 20:15:00,39.6462,9.167
2022-08-22 20:20:00,41.3107,7.853
2022-08-22 20:25:00,36.3044,8.876000000000001
2022-08-22 20:30:00,43.4149,10.236
2022-08-22 20:35:00,35.5374,7.695
2022-08-22 20:40:00,48.2337,7.965
2022-08-22 20:45:00,39.5732,8.512
2022-08-22 20:50:00,50.7776,8.639
2022-08-22 20:55:00,28.9759,7.26
2022-08-22 21:00:00,41.9578,9.33
2022-08-22 21:05:00,46.3732,7.564
2022-08-22 21:10:00,47.5226,7.304
2022-08-22 21:15:00,62.1702,7.184
2022-08-22 21:20:00,55.2707,6.974
2022-08-22 21:25:00,61.8079,8.187000000000001
2022-08-22 21:30:00,30.9566,7.177
2022-08-22 21:35:00,49.4548,8.994
2022-08-22 21:40:00,66.2666,5.614
2022-08-22 21:45:00,51.5286,9.586
2022-08-22 21:50:00,25.8773,8.686
2022-08-22 21:55:00,45.5327,7.272
2022-08-22 22:00:00,56.2013,5.645
2022-08-22 22:05:00,47.461,8.187000000000001
2022-08-22 22:10:00,59.9486,8.311
2022-08-22 22:15:00,51.6951,7.593
2022-08-22 22:20:00,37.9594,6.9
2022-08-22 22:25:00,48.1286,9.280999999999999
2022-08-22 22:30:00,23.8535,8.173
2022-08-22 22:35:00,37.3909,9.058
2022-08-22 22:40:00,65.6361,8.547
2022-08-22 22:45:00,63.5711,6.891
2022-08-22 22:50:00,53.1102,5.886
2022-08-22 22:55:00,62.4303,5.872
2022-08-22 23:00:00,38.7724,6.737
2022-08-22 23:05:00,38.6024,9.905999999999999
2022-08-22 23:10:00,57.1452,5.0920000000000005
2022-08-22 23:15:00,31.0056,6.413
2022-08-22 23:20:00,40.1152,7.984999999999999
2022-08-22 23:25:00,48.8868,8.161999999999999
2022-08-22 23:30:00,59.4317,5.995
2022-08-22 23:35:00,38.3036,10.236
2022-08-22 23:40:00,52.9439,6.1240000000000006
2022-08-22 23:45:00,52.6402,7.061
2022-08-22 23:50:00,34.9543,10.84
2022-08-22 23:55:00,61.4059,7.291
2022-08-23 00:00:00,54.1339,8.894
2022-08-23 00:05:00,42.6596,6.327
2022-08-23 00:10:00,44.1621,10.978
2022-08-23 00:15:00,54.1925,7.391
2022-08-23 00:20:00,52.7752,5.942
2022-08-23 00:25:00,50.1837,6.5329999999999995
2022-08-23 00:30:00,66.489,7.473
2022-08-23 00:35:00,53.8138,9.547
2022-08-23 00:40:00,58.1252,7.427
2022-08-23 00:45:00,52.758,4.874
2022-08-23 00:50:00,42.5742,10.942
2022-08-23 00:55:00,47.8993,9.838000000000001
2022-08-23 01:00:00,59.2655,7.984
2022-08-23 01:05:00,52.2476,7.212
2022-08-23 01:10:00,46.0778,6.192
2022-08-23 01:15:00,40.057,9.369
2022-08-23 01:20:00,63.6618,9.027000000000001
2022-08-23 01:25:00,41.0465,9.722000000000001
2022-08-23 01:30:00,39.0094,4.004
2022-08-23 01:35:00,72.8483,8.432
2022-08-23 01:40:00,57.3723,10.126000000000001
2022-08-23 01:45:00,49.8059,8.065000000000001
2022-08-23 01:50:00,36.562,9.328
2022-08-23 01:55:00,41.0894,7.814
2022-08-23 02:00:00,58.6571,10.71
2022-08-23 02:05:00,59.8281,7.971
2022-08-23 02:10:00,46.8254,9.033000000000001
2022-08-23 02:15:00,51.4173,9.07
2022-08-23 02:20:00,40.3916,7.928
2022-08-23 02:25:00,46.3623,4.081
2022-08-23 02:30:00,37.0538,8.142
2022-08-23 02:35:00,31.142,6.558
2022-08-23 02:40:00,68.6193,4.82
2022-08-23 02:45:00,60.0825,8.746
2022-08-23 02:50:00,58.4009,6.559
2022-08-23 02:55:00,60.3448,8.981
2022-08-23 03:00:00,42.4488,11.511
2022-08-23 03:05:00,60.0412,9.057
2022-08-23 03:10:00,72.3114,8.264
2022-08-23 03:15:00,51.7215,5.854
2022-08-23 03:20:00,65.4867,7.7669999999999995
2022-08-23 03:25:00,43.6231,7.470000000000001
2022-08-23 03:30:00,46.7596,9.035
2022-08-23 03:35:00,47.6607,7.071
2022-08-23 03:40:00,58.0059,10.461
2022-08-23 03:45:00,43.715,6.475
2022-08-23 03:50:00,50.7323,6.428
2022-08-23 03:55:00,58.5597,7.694
2022-08-23 04:00:00,48.4987,5.8469999999999995
2022-08-23 04:05:00,33.772,7.2780000000000005
2022-08-23 04:10:00,54.3912,6.607
2022-08-23 04:15:00,36.0408,5.92
2022-08-23 04:20:00,53.4511,7.558
2022-08-23 04:25:00,46.225,7.913
2022-08-23 04:30:00,43.1756,9.408000000000001
2022-08-23 04:35:00,52.4913,8.187999999999999
2022-08-23 04:40:00,42.0933,8.379
2022-08-23 04:45:00,52.7318,6.536
2022-08-23 04:50:00,42.7526,7.915
2022-08-23 04:55:00,54.0251,4.926
2022-08-23 05:00:00,40.699,7.555
2022-08-23 05:05:00,45.3109,5.9670000000000005
2022-08-23 05:10:00,61.3545,8.52
2022-08-23 05:15:00,41.7718,7.486000000000001
2022-08-23 05:20:00,45.3098,6.895
2022-08-23 05:25:00,49.9519,6.41
2022-08-23 05:30:00,61.977,9.573
2022-08-23 05:35:00,45.14,9.491
2022-08-23 05:40:00,43.1662,4.004
2022-08-23 05:45:00,57.9067,6.0169999999999995
2022-08-23 05:50:00,40.5023,6.961
2022-08-23 05:55:00,47.8074,8.533000000000001
2022-08-23 06:00:00,52.8428,10.027000000000001
2022-08-23 06:05:00,46.829,11.443999999999999
2022-08-23 06:10:00,55.6382,7.65
2022-08-23 06:15:00,54.9266,10.838000000000001
2022-08-23 06:20:00,32.8546,9.136
2022-08-23 06:25:00,54.4109,7.819
2022-08-23 06:30:00,41.524,8.393
2022-08-23 06:35:00,81.2279,7.836
2022-08-23 06:40:00,51.2788,7.864
2022-08-23 06:45:00,48.0682,6.9990000000000006
2022-08-23 06:50:00,38.2738,7.682
2022-08-23 06:55:00,38.2748,6.797000000000001
2022-08-23 07:00:00,47.1625,8.741
2022-08-23 07:05:00,62.1409,8.096
2022-08-23 07:10:00,52.4604,7.026
2022-08-23 07:15:00,51.6122,6.404999999999999
2022-08-23 07:20:00,56.2679,6.523
2022-08-23 07:25:00,40.4997,8.802
2022-08-23 07:30:00,37.3303,11.341000000000001
2022-08-23 07:35:00,55.3535,7.384
2022-08-23 07:40:00,53.7872,5.204
2022-08-23 07:45:00,54.2227,8.549
2022-08-23 07:50:00,46.8546,10.572
2022-08-23 07:55:00,40.9915,10.462
2022-08-23 08:00:00,39.8307,8.011
2022-08-23 08:05:00,42.0314,6.305
2022-08-23 08:10:00,47.0692,5.856
2022-08-23 08:15:00,45.4259,6.156000000000001
2022-08-23 08:20:00,42.8297,10.068999999999999
2022-08-23 08:25:00,35.5369,9.335
2022-08-23 08:30:00,51.4598,8.262
2022-08-23 08:35:00,43.6208,6.021
2022-08-23 08:40:00,44.5259,7.285
2022-08-23 08:45:00,51.9919,7.720000000000001
2022-08-23 08:50:00,42.6753,7.984999999999999
2022-08-23 08:55:00,59.833,7.138
2022-08-23 09:00:00,46.5055,11.32
2022-08-23 09:05:00,46.628,8.211
2022-08-23 09:10:00,52.7153,7.936999999999999
2022-08-23 09:15:00,44.1874,8.493
2022-08-23 09:20:00,58.5246,7.429
2022-08-23 09:25:00,54.1556,7.932
2022-08-23 09:30:00,55.5996,8.734
2022-08-23 09:35:00,48.235,8.641
2022-08-23 09:40:00,38.6855,8.2
2022-08-23 09:45:00,59.6089,7.072
2022-08-23 09:50:00,65.7446,6.585
2022-08-23 09:55:00,51.4871,8.143
2022-08-23 10:00:00,46.9047,6.175
2022-08-23 10:05:00,51.7311,7.099
2022-08-23 10:10:00,56.935,9.233
2022-08-23 10:15:00,38.0204,9.808
2022-08-23 10:20:00,52.4077,6.802
2022-08-23 10:25:00,31.0112,8.219999999999999
2022-08-23 10:30:00,45.2293,6.552
2022-08-23 10:35:00,30.4407,6.777
2022-08-23 10:40:00,52.3551,7.925
2022-08-23 10:45:00,60.3515,7.4190000000000005
2022-08-23 10:50:00,53.0007,6.817
2022-08-23 10:55:00,42.655,7.325
2022-08-23 11:00:00,37.6396,8.233
2022-08-23 11:05:00,36.6705,9.447
2022-08-23 11:10:00,51.9901,7.6
2022-08-23 11:15:00,42.545,9.77
2022-08-23 11:20:00,51.0769,7.673
2022-08-23 11:25:00,47.106,5.5920000000000005
2022-08-23 11:30:00,62.1165,9.585
2022-08-23 11:35:00,60.8091,7.567
2022-08-23 11:40:00,36.381,9.2
2022-08-23 11:45:00,42.8202,9.652999999999999
2022-08-23 11:50:00,62.0957,7.379
2022-08-23 11:55:00,32.8979,5.98
2022-08-23 12:00:00,49.087,7.319
2022-08-23 12:05:00,41.5379,8.215
2022-08-23 12:10:00,56.5051,10.303
2022-08-23 12:15:00,48.8496,7.1259999999999994
2022-08-23 12:20:00,34.1246,6.718
2022-08-23 12:25:00,54.564,6.109
2022-08-23 12:30:00,63.4025,6.629
2022-08-23 12:35:00,55.8661,6.3469999999999995
2022-08-23 12:40:00,52.0947,8.229
2022-08-23 12:45:00,49.7013,7.979
2022-08-23 12:50:00,48.5217,7.359
2022-08-23 12:55:00,70.5952,7.345000000000001
2022-08-23 13:00:00,48.2365,8.229
2022-08-23 13:05:00,64.0337,4.814
2022-08-23 13:10:00,24.8434,5.26
2022-08-23 13:15:00,71.6889,7.0969999999999995
2022-08-23 13:20:00,46.2622,7.195
2022-08-23 13:25:00,56.3792,7.7780000000000005
2022-08-23 13:30:00,50.1511,5.51
2022-08-23 13:35:00,54.9572,7.0969999999999995
2022-08-23 13:40:00,44.581,7.354
2022-08-23 13:45:00,54.1232,4.545
2022-08-23 13:50:00,57.9626,8.711
2022-08-23 13:55:00,36.6182,7.539
2022-08-23 14:00:00,53.1323,7.62
2022-08-23 14:05:00,60.0945,9.49
2022-08-23 14:10:00,44.8415,8.07
2022-08-23 14:15:00,48.5337,8.802
2022-08-23 14:20:00,55.8514,8.741
2022-08-23 14:25:00,30.618,5.893
2022-08-23 14:30:00,58.7949,9.762
2022-08-23 14:35:00,48.947,4.545
2022-08-23 14:40:00,35.5864,9.987
2022-08-23 14:45:00,51.7176,6.925
2022-08-23 14:50:00,47.7352,8.422
2022-08-23 14:55:00,30.1906,7.35
2022-08-23 15:00:00,44.6728,8.254999999999999
2022-08-23 15:05:00,55.1019,6.039
2022-08-23 15:10:00,49.5003,5.43
2022-08-23 15:15:00,49.4117,8.109
2022-08-23 15:20:00,54.5935,7.309
2022-08-23 15:25:00,43.897,8.593
2022-08-23 15:30:00,47.8549,6.095000000000001
2022-08-23 15:35:00,45.1733,7.8100000000000005
2022-08-23 15:40:00,40.5393,4.004
2022-08-23 15:45:00,47.0432,6.787
2022-08-23 15:50:00,53.8705,5.46
2022-08-23 15:55:00,65.0892,6.013999999999999
2022-08-23 16:00:00,46.5298,8.466000000000001
2022-08-23 16:05:00,50.5945,8.838000000000001
2022-08-23 16:10:00,38.3391,6.753
2022-08-23 16:15:00,37.6662,7.516
2022-08-23 16:20:00,50.3228,6.913
2022-08-23 16:25:00,38.4201,8.748999999999999
2022-08-23 16:30:00,62.3163,10.251000000000001
2022-08-23 16:35:00,57.5021,6.914
2022-08-23 16:40:00,65.8193,8.15
2022-08-23 16:45:00,59.6108,8.017
2022-08-23 16:50:00,32.1297,8.02
2022-08-23 16:55:00,69.6549,8.283000000000001
2022-08-23 17:00:00,38.3323,5.364
2022-08-23 17:05:00,42.9083,8.152000000000001
2022-08-23 17:10:00,39.4173,6.65
2022-08-23 17:15:00,46.6399,6.742
2022-08-23 17:20:00,35.5346,10.212
2022-08-23 17:25:00,37.2309,9.248000000000001
2022-08-23 17:30:00,71.3617,7.009
2022-08-23 17:35:00,38.0153,7.529
2022-08-23 17:40:00,38.6492,8.681000000000001
2022-08-23 17:45:00,56.9141,6.591
2022-08-23 17:50:00,65.7364,8.681000000000001
2022-08-23 17:55:00,41.6605,9.323
2022-08-23 18:00:00,65.1445,6.111000000000001
2022-08-23 18:05:00,44.4046,7.994
2022-08-23 18:10:00,34.5482,7.334
2022-08-23 18:15:00,62.8395,9.728
2022-08-23 18:20:00,47.2245,10.429
2022-08-23 18:25:00,38.9146,8.134
2022-08-23 18:30:00,45.655,4.004
2022-08-23 18:35:00,50.3469,11.137
2022-08-23 18:40:00,63.0477,7.3740000000000006
2022-08-23 18:45:00,42.0788,8.289
2022-08-23 18:50:00,71.6915,7.9719999999999995
2022-08-23 18:55:00,48.4215,5.683
2022-08-23 19:00:00,48.899,6.914
2022-08-23 19:05:00,41.1182,7.5600000000000005
2022-08-23 19:10:00,38.9606,8.418
2022-08-23 19:15:00,58.4112,7.627
2022-08-23 19:20:00,47.2806,6.420999999999999
2022-08-23 19:25:00,43.538,8.349
2022-08-23 19:30:00,49.3836,7.827999999999999
2022-08-23 19:35:00,41.3389,10.376999999999999
2022-08-23 19:40:00,51.5061,7.9559999999999995
2022-08-23 19:45:00,46.2489,5.453
2022-08-23 19:50:00,57.0176,8.987
2022-08-23 19:55:00,42.964,8.512
2022-08-23 20:00:00,45.3066,6.37
2022-08-23 20:05:00,54.0881,6.107
2022-08-23 20:10:00,44.3508,7.7620000000000005
2022-08-23 20:15:00,59.6461,6.425
2022-08-23 20:20:00,46.6569,4.7059999999999995
2022-08-23 20:25:00,47.5016,4.918
2022-08-23 20:30:00,51.0399,7.257
2022-08-23 20:35:00,61.0263,7.566
2022-08-23 20:40:00,39.6514,9.829
2022-08-23 20:45:00,38.9708,8.128
2022-08-23 20:50:00,50.113,6.675
2022-08-23 20:55:00,62.4814,7.502
2022-08-23 21:00:00,52.9055,9.352
2022-08-23 21:05:00,54.525,8.769
2022-08-23 21:10:00,47.5065,5.464
2022-08-23 21:15:00,36.7527,6.912
2022-08-23 21:20:00,47.1022,8.18
2022-08-23 21:25:00,64.4213,7.539
2022-08-23 21:30:00,30.2054,8.077
2022-08-23 21:35:00,55.4297,7.888999999999999
2022-08-23 21:40:00,40.9937,6.835
2022-08-23 21:45:00,47.533,6.766
2022-08-23 21:50:00,42.1809,11.238
2022-08-23 21:55:00,74.7407,7.023
2022-08-23 22:00:00,67.5934,7.086
2022-08-23 22:05:00,62.1263,7.316
2022-08-23 22:10:00,61.3386,6.0920000000000005
2022-08-23 22:15:00,46.3488,7.616
2022-08-23 22:20:00,57.1852,7.822
2022-08-23 22:25:00,59.0101,8.178
2022-08-23 22:30:00,50.525,7.832
2022-08-23 22:35:00,48.1156,8.852
2022-08-23 22:40:00,46.0158,6.3580000000000005
2022-08-23 22:45:00,42.7675,6.2509999999999994
2022-08-23 22:50:00,63.511,5.822
2022-08-23 22:55:00,46.5594,5.351
2022-08-23 23:00:00,62.186,7.957
2022-08-23 23:05:00,54.4346,6.976
2022-08-23 23:10:00,48.9708,9.661
2022-08-23 23:15:00,50.4822,8.234
2022-08-23 23:20:00,49.8771,7.396
2022-08-23 23:25:00,41.9893,9.882
2022-08-23 23:30:00,42.0206,6.9190000000000005
2022-08-23 23:35:00,37.0685,8.108
2022-08-23 23:40:00,28.2673,7.739
2022-08-23 23:45:00,43.3672,8.652999999999999
2022-08-23 23:50:00,54.1535,8.421
2022-08-23 23:55:00,49.0428,8.677
2022-08-24 00:00:00,45.8649,7.638
2022-08-24 00:05:00,50.8539,6.8100000000000005
2022-08-24 00:10:00,46.0598,8.565999999999999
2022-08-24 00:15:00,49.8545,5.474
2022-08-24 00:20:00,52.6712,6.9990000000000006
2022-08-24 00:25:00,49.614,8.042
2022-08-24 00:30:00,35.0634,6.461
2022-08-24 00:35:00,52.7678,6.852
2022-08-24 00:40:00,57.4538,9.393
2022-08-24 00:45:00,35.3782,8.946
2022-08-24 00:50:00,52.356,7.07
2022-08-24 00:55:00,39.8816,6.292
2022-08-24 01:00:00,58.0863,6.058
2022-08-24 01:05:00,42.5092,8.631
2022-08-24 01:10:00,43.2316,8.133
2022-08-24 01:15:00,39.4305,6.423
2022-08-24 01:20:00,66.2544,8.575
2022-08-24 01:25:00,52.8411,6.708
2022-08-24 01:30:00,49.9729,7.539
2022-08-24 01:35:00,53.9134,6.515000000000001
2022-08-24 01:40:00,36.7147,6.508
2022-08-24 01:45:00,27.9701,9.402000000000001
2022-08-24 01:50:00,37.4522,10.017
2022-08-24 01:55:00,51.6883,8.04
2022-08-24 02:00:00,50.5891,7.261
2022-08-24 02:05:00,40.6306,8.971
2022-08-24 02:10:00,58.6391,8.488
2022-08-24 02:15:00,38.1096,7.995
2022-08-24 02:20:00,56.2171,8.503
2022-08-24 02:25:00,49.5973,9.203
2022-08-24 02:30:00,48.2164,5.808
2022-08-24 02:35:00,47.782,5.621
2022-08-24 02:40:00,48.5937,8.55
2022-08-24 02:45:00,40.2542,9.436
2022-08-24 02:50:00,52.8302,6.902
2022-08-24 02:55:00,31.6252,8.484
2022-08-24 03:00:00,51.1714,6.377
2022-08-24 03:05:00,45.5862,7.568
2022-08-24 03:10:00,47.9663,6.09
2022-08-24 03:15:00,40.2446,9.15
2022-08-24 03:20:00,51.784,8.318999999999999
2022-08-24 03:25:00,53.3745,8.762
2022-08-24 03:30:00,54.061,8.588000000000001
2022-08-24 03:35:00,40.7504,8.181000000000001
2022-08-24 03:40:00,44.8897,5.309
2022-08-24 03:45:00,49.5578,6.577
2022-08-24 03:50:00,46.5816,6.8420000000000005
2022-08-24 03:55:00,43.2178,5.981
2022-08-24 04:00:00,36.3029,6.502
2022-08-24 04:05:00,32.4508,6.3420000000000005
2022-08-24 04:10:00,49.5619,8.953
2022-08-24 04:15:00,34.651,10.309999999999999
2022-08-24 04:20:00,54.4377,10.038
2022-08-24 04:25:00,39.4009,7.01
2022-08-24 04:30:00,62.4653,8.079
2022-08-24 04:35:00,38.1841,8.506
2022-08-24 04:40:00,47.3236,6.71
2022-08-24 04:45:00,71.4581,5.514
2022-08-24 04:50:00,41.2247,9.259
2022-08-24 04:55:00,52.4769,8.668
2022-08-24 05:00:00,43.273,8.527000000000001
2022-08-24 05:05:00,45.5798,8.472999999999999
2022-08-24 05:10:00,41.6417,6.702999999999999
2022-08-24 05:15:00,42.4066,8.896
2022-08-24 05:20:00,36.7759,5.295
2022-08-24 05:25:00,46.6957,8.228
2022-08-24 05:30:00,61.3297,8.227
2022-08-24 05:35:00,39.9093,8.73
2022-08-24 05:40:00,56.4624,6.7330000000000005
2022-08-24 05:45:00,28.5268,7.193
2022-08-24 05:50:00,50.0676,9.045
2022-08-24 05:55:00,38.983,9.843
2022-08-24 06:00:00,51.7187,7.939
2022-08-24 06:05:00,39.603,6.916
2022-08-24 06:10:00,41.4953,8.487
2022-08-24 06:15:00,39.6282,5.0969999999999995
2022-08-24 06:20:00,37.6637,7.479
2022-08-24 06:25:00,47.5891,7.140000000000001
2022-08-24 06:30:00,39.7779,9.019
2022-08-24 06:35:00,44.4306,8.521
2022-08-24 06:40:00,48.4253,6.909
2022-08-24 06:45:00,61.4866,7.774
2022-08-24 06:50:00,37.1314,6.295999999999999
2022-08-24 06:55:00,38.8781,5.564
2022-08-24 07:00:00,46.9326,8.735
2022-08-24 07:05:00,46.4192,8.679
2022-08-24 07:10:00,67.6756,8.242
2022-08-24 07:15:00,52.5392,8.886
2022-08-24 07:20:00,46.2742,8.196
2022-08-24 07:25:00,41.0244,7.241
2022-08-24 07:30:00,56.826,8.562000000000001
2022-08-24 07:35:00,53.174,6.726
2022-08-24 07:40:00,46.0941,5.54
2022-08-24 07:45:00,47.8138,7.207
2022-08-24 07:50:00,49.9428,6.256
2022-08-24 07:55:00,49.5455,9.448
2022-08-24 08:00:00,47.3985,7.728
2022-08-24 08:05:00,45.1955,7.156000000000001
2022-08-24 08:10:00,35.9738,7.325
2022-08-24 08:15:00,50.6752,11.678
2022-08-24 08:20:00,65.1719,5.801
2022-08-24 08:25:00,38.2816,8.071
2022-08-24 08:30:00,50.4471,8.546
2022-08-24 08:35:00,43.5991,8.303
2022-08-24 08:40:00,43.0824,6.471
2022-08-24 08:45:00,32.5101,9.57
2022-08-24 08:50:00,40.1008,9.911999999999999
2022-08-24 08:55:00,50.7161,8.117
2022-08-24 09:00:00,62.7044,10.609
2022-08-24 09:05:00,60.198,6.587
2022-08-24 09:10:00,59.4331,8.027999999999999
2022-08-24 09:15:00,52.2223,10.844999999999999
2022-08-24 09:20:00,39.1418,7.92
2022-08-24 09:25:00,53.096,10.118
2022-08-24 09:30:00,57.6746,6.0009999999999994
2022-08-24 09:35:00,52.422,8.764
2022-08-24 09:40:00,54.5695,7.904
2022-08-24 09:45:00,55.7989,6.568
2022-08-24 09:50:00,57.7321,6.587
2022-08-24 09:55:00,34.5653,6.4030000000000005
2022-08-24 10:00:00,48.0215,7.045
2022-08-24 10:05:00,54.2433,7.773
2022-08-24 10:10:00,52.2069,8.283000000000001
2022-08-24 10:15:00,58.2703,6.786
2022-08-24 10:20:00,44.9813,7.138999999999999
2022-08-24 10:25:00,57.0097,5.88
2022-08-24 10:30:00,49.1993,8.870000000000001
2022-08-24 10:35:00,66.2978,8.058
2022-08-24 10:40:00,38.2802,8.379999999999999
2022-08-24 10:45:00,45.5168,9.870000000000001
2022-08-24 10:50:00,60.6244,6.692
2022-08-24 10:55:00,68.3779,8.737
2022-08-24 11:00:00,42.8455,6.819
2022-08-24 11:05:00,29.0428,7.91
2022-08-24 11:10:00,60.4948,8.917
2022-08-24 11:15:00,39.4243,6.2989999999999995
2022-08-24 11:20:00,46.1612,7.252
2022-08-24 11:25:00,49.06,8.530999999999999
2022-08-24 11:30:00,53.0203,9.059000000000001
2022-08-24 11:35:00,63.6006,5.314
2022-08-24 11:40:00,48.0327,8.735
2022-08-24 11:45:00,56.5268,7.849
2022-08-24 11:50:00,51.4261,7.051
2022-08-24 11:55:00,41.6174,9.452
