bid_id,price,quantity,dispatch
17c786,0.0,2.0,2.0
1f4cb5,20.6024,0.006,2.006
10b470,20.6763,0.014,2.0199999999999996
1bf3a3,20.77,0.005,2.0249999999999995
1a997d,21.9813,0.02,2.0449999999999995
1cd3bb,23.5488,0.009,2.0539999999999994
158bf2,26.1526,0.001,2.0549999999999993
106be8,26.1901,0.008,2.0629999999999993
1d28a1,26.4082,0.002,2.064999999999999
17b48c,26.7305,0.002,2.066999999999999
1670bf,26.8505,0.007,2.073999999999999
1f0269,26.8737,0.001,2.074999999999999
14ec61,27.2212,0.012,2.086999999999999
1b537f,27.8936,0.008,2.094999999999999
199b08,28.058,0.01,2.1049999999999986
1073ff,28.2513,0.004,2.1089999999999987
132118,28.7507,0.02,2.1289999999999987
1cbe89,29.8759,0.016,2.1449999999999987
1bc3a5,29.8895,0.009,2.1539999999999986
1b86e2,29.9195,0.009,2.1629999999999985
13333b,30.3257,0.007,2.1699999999999986
135d77,30.4126,0.02,2.1899999999999986
1650c5,30.5211,0.005,2.1949999999999985
1b0896,30.7523,0.009,2.2039999999999984
1b181c,30.8197,0.004,2.2079999999999984
143604,30.9851,0.001,2.2089999999999983
12d83a,31.0289,0.005,2.213999999999998
1425ea,31.2229,0.014,2.227999999999998
1a8fec,31.2868,0.009,2.236999999999998
1712c6,31.3702,0.011,2.247999999999998
1feace,31.4021,0.013,2.260999999999998
161cb3,31.442,0.02,2.280999999999998
1a60bf,31.5613,0.013,2.293999999999998
1691c4,31.5785,0.001,2.2949999999999977
1a87f8,31.7865,0.003,2.297999999999998
1e9807,31.8349,0.003,2.300999999999998
142d7a,32.3412,0.004,2.304999999999998
12613f,32.3716,0.018,2.3229999999999977
1f24d8,32.5486,0.002,2.3249999999999975
1b4655,32.6007,0.017,2.3419999999999974
1729d9,32.7275,0.015,2.3569999999999975
1c4d81,32.7705,0.008,2.3649999999999975
12ea68,33.1117,0.005,2.3699999999999974
1519e0,33.1763,0.011,2.3809999999999976
118e95,33.2438,0.013,2.3939999999999975
1b94db,33.2903,0.003,2.3969999999999976
1d96da,33.3047,0.009,2.4059999999999975
1a9e7b,33.3859,0.001,2.4069999999999974
16406a,33.4242,0.011,2.4179999999999975
1b321e,33.5155,0.002,2.4199999999999973
1e2665,33.6221,0.004,2.4239999999999973
17bb39,33.7792,0.02,2.4439999999999973
128a4b,33.877,0.001,2.444999999999997
1c8bd0,34.0295,0.009,2.453999999999997
1834c1,34.0946,0.001,2.454999999999997
152b05,34.1016,0.003,2.457999999999997
126ce0,34.1079,0.001,2.458999999999997
173215,34.1444,0.016,2.474999999999997
1f3c49,34.155,0.017,2.491999999999997
113954,34.1968,0.01,2.5019999999999967
1d4609,34.4008,0.003,2.504999999999997
18f37e,34.4151,0.001,2.5059999999999967
1d7945,34.4183,0.007,2.512999999999997
163bdc,34.4721,0.01,2.5229999999999966
15f8cf,34.5691,0.006,2.5289999999999964
153145,34.6188,0.011,2.5399999999999965
163ba1,34.6813,0.006,2.5459999999999963
16c302,34.7004,0.009,2.554999999999996
130e10,34.853,0.006,2.560999999999996
1f5747,34.9606,0.001,2.561999999999996
1137ee,34.9702,0.001,2.5629999999999957
1933cd,34.9712,0.02,2.5829999999999957
1e7f4d,34.9798,0.006,2.5889999999999955
10216c,35.1631,0.001,2.5899999999999954
174dbd,35.2,0.005,2.5949999999999953
17120f,35.2315,0.016,2.6109999999999953
19c46f,35.3259,0.007,2.6179999999999954
10f3e7,35.5176,0.011,2.6289999999999956
11bd27,35.5644,0.004,2.6329999999999956
196e25,35.5898,0.007,2.6399999999999957
1fdf8b,35.7687,0.009,2.6489999999999956
196258,35.7734,0.003,2.6519999999999957
1fc42e,35.7772,0.002,2.6539999999999955
1ce974,35.7995,0.014,2.6679999999999953
18bc65,35.8091,0.012,2.6799999999999953
11ddda,35.8181,0.004,2.6839999999999953
1d79e2,35.8188,0.017,2.700999999999995
19092a,35.9717,0.005,2.705999999999995
1edb5b,36.017,0.009,2.714999999999995
1f745b,36.0259,0.012,2.726999999999995
18bdf4,36.1337,0.004,2.730999999999995
1a668d,36.2399,0.019,2.749999999999995
1d7306,36.258,0.001,2.750999999999995
15a0fd,36.297,0.003,2.753999999999995
1d90c1,36.3245,0.001,2.754999999999995
1b852a,36.3358,0.007,2.761999999999995
1a463b,36.4505,0.011,2.7729999999999952
11e430,36.4715,0.011,2.7839999999999954
1aa70e,36.5331,0.02,2.8039999999999954
1ab403,36.6753,0.009,2.8129999999999953
1af5a4,36.8248,0.007,2.8199999999999954
174c62,36.8299,0.017,2.8369999999999953
10a9bf,36.8447,0.016,2.8529999999999953
1d9650,36.9285,0.01,2.862999999999995
18310f,36.9347,0.004,2.866999999999995
189cbc,36.9648,0.008,2.874999999999995
128e4a,36.9773,0.02,2.894999999999995
1627da,36.9901,0.006,2.900999999999995
13d8d2,37.1754,0.003,2.903999999999995
1a7fc3,37.2737,0.015,2.918999999999995
1ac708,37.3095,0.013,2.931999999999995
1f843f,37.3391,0.014,2.945999999999995
1a25e2,37.4304,0.004,2.949999999999995
120b73,37.4506,0.002,2.9519999999999946
136c86,37.474,0.018,2.9699999999999944
113001,37.5235,0.013,2.9829999999999943
18edcf,37.683,0.008,2.9909999999999943
1b0889,37.8517,0.009,2.9999999999999942
15a5af,38.0783,0.007,3.0069999999999943
1f846a,38.1111,0.006,3.012999999999994
1c07e2,38.19,0.007,3.0199999999999942
1dba44,38.2082,0.008,3.0279999999999943
1956c9,38.2507,0.003,3.0309999999999944
1f8e69,38.284,0.012,3.0429999999999944
116d68,38.3036,0.003,3.0459999999999945
110188,38.3759,0.02,3.0659999999999945
16de2e,38.3852,0.007,3.0729999999999946
1e6526,38.3875,0.001,3.0739999999999945
12959f,38.3895,0.004,3.0779999999999945
1f36fb,38.3962,0.009,3.0869999999999944
177210,38.469,0.02,3.1069999999999944
14b837,38.4701,0.009,3.1159999999999943
18c716,38.4726,0.016,3.1319999999999943
1b6c42,38.5235,0.001,3.1329999999999942
13801f,38.5787,0.001,3.133999999999994
1cad5c,38.5798,0.004,3.137999999999994
1d0be4,38.6306,0.004,3.141999999999994
1264d7,38.7149,0.006,3.147999999999994
1481a3,38.8158,0.001,3.148999999999994
1fd964,38.826,0.018,3.1669999999999936
1a35fa,38.8889,0.008,3.1749999999999936
1d5a66,38.9003,0.015,3.1899999999999937
116c6d,38.9515,0.006,3.1959999999999935
16897f,39.0039,0.001,3.1969999999999934
1e030d,39.0516,0.017,3.2139999999999933
196cae,39.1888,0.017,3.230999999999993
177586,39.202,0.015,3.2459999999999933
192b56,39.2022,0.006,3.251999999999993
1951ce,39.2256,0.012,3.263999999999993
190d3b,39.3187,0.006,3.269999999999993
1b6b6a,39.3465,0.003,3.272999999999993
185697,39.3711,0.009,3.281999999999993
108ec9,39.3902,0.018,3.2999999999999927
1555a2,39.468,0.008,3.3079999999999927
1e9997,39.4895,0.02,3.3279999999999927
144f93,39.6012,0.004,3.3319999999999927
146c02,39.6603,0.011,3.342999999999993
15fae1,39.6955,0.01,3.3529999999999927
112caa,39.7032,0.007,3.3599999999999928
17dba3,39.7082,0.007,3.366999999999993
18b022,39.7561,0.012,3.378999999999993
1829a9,39.8179,0.009,3.387999999999993
1b1013,39.8726,0.001,3.3889999999999927
11a003,39.9127,0.004,3.3929999999999927
1f5b1f,39.9803,0.01,3.4029999999999925
150aec,39.9963,0.001,3.4039999999999924
1f6a4d,40.0295,0.003,3.4069999999999925
1be1a6,40.064,0.008,3.4149999999999925
11356c,40.0701,0.011,3.4259999999999926
11cdf0,40.0992,0.006,3.4319999999999924
1bd77b,40.1349,0.001,3.4329999999999923
1e7622,40.1937,0.001,3.433999999999992
10c8e4,40.2201,0.015,3.4489999999999923
162731,40.2385,0.016,3.4649999999999923
1143cc,40.2981,0.001,3.465999999999992
195c9a,40.3392,0.019,3.4849999999999923
15c6e0,40.378,0.002,3.486999999999992
1bb2cc,40.3805,0.001,3.487999999999992
107cee,40.3885,0.009,3.496999999999992
109111,40.4133,0.007,3.503999999999992
12143c,40.4156,0.011,3.514999999999992
11dfde,40.4198,0.001,3.515999999999992
1fe0f8,40.4606,0.006,3.521999999999992
19d8b1,40.4634,0.015,3.536999999999992
1cb284,40.4818,0.003,3.539999999999992
1a9f77,40.5386,0.01,3.549999999999992
10fc78,40.6424,0.012,3.561999999999992
16553c,40.6646,0.006,3.5679999999999916
12527c,40.6967,0.004,3.5719999999999916
159ae2,40.7075,0.006,3.5779999999999914
1ef241,40.7151,0.002,3.579999999999991
157961,40.7849,0.002,3.581999999999991
1add5d,40.87,0.005,3.586999999999991
1e2158,40.8758,0.001,3.5879999999999908
1265de,40.8774,0.009,3.5969999999999906
140828,40.8951,0.004,3.6009999999999907
14479c,40.95,0.002,3.6029999999999904
1f27b9,41.0031,0.006,3.60899999999999
15cd26,41.0732,0.015,3.6239999999999903
1d1846,41.0874,0.01,3.63399999999999
1063f6,41.092,0.001,3.63499999999999
1c14a1,41.1456,0.02,3.65499999999999
19de95,41.1514,0.014,3.66899999999999
1f1012,41.1863,0.015,3.68399999999999
14b45b,41.202,0.005,3.68899999999999
1d1002,41.2441,0.005,3.6939999999999897
109c73,41.3293,0.019,3.71299999999999
11dbbe,41.3478,0.001,3.7139999999999898
1378b0,41.3569,0.017,3.7309999999999897
17a325,41.378,0.004,3.7349999999999897
15e752,41.3854,0.008,3.7429999999999897
14896d,41.4055,0.001,3.7439999999999896
1ae783,41.4055,0.001,3.7449999999999894
107385,41.4268,0.003,3.7479999999999896
155b9d,41.4544,0.001,3.7489999999999895
19d1e1,41.5134,0.009,3.7579999999999893
179258,41.5214,0.007,3.7649999999999895
1f8cde,41.6011,0.004,3.7689999999999895
17394d,41.609,0.003,3.7719999999999896
1bc6a6,41.6292,0.01,3.7819999999999894
11a0d8,41.6429,0.014,3.795999999999989
1e6732,41.6577,0.003,3.7989999999999893
18b09c,41.6642,0.002,3.800999999999989
19b876,41.6659,0.018,3.818999999999989
15a1fb,41.6831,0.02,3.838999999999989
1bcfff,41.7514,0.001,3.8399999999999888
14d642,41.7576,0.002,3.8419999999999885
11822b,41.7966,0.003,3.8449999999999886
14ba87,41.8382,0.005,3.8499999999999885
1a3bb3,41.8524,0.006,3.8559999999999883
1ea57d,41.8581,0.016,3.8719999999999883
1aeaea,41.8793,0.001,3.8729999999999882
12b7ec,41.8856,0.001,3.873999999999988
12857b,41.9499,0.001,3.874999999999988
1060ad,41.967,0.005,3.879999999999988
13cc62,42.0032,0.014,3.8939999999999877
153816,42.0285,0.005,3.8989999999999876
1c7116,42.0443,0.014,3.9129999999999874
16360b,42.1571,0.02,3.9329999999999874
16c53d,42.1834,0.002,3.934999999999987
131031,42.2291,0.002,3.936999999999987
1ad781,42.2431,0.007,3.943999999999987
1c2fa6,42.2515,0.019,3.962999999999987
18ee09,42.2924,0.005,3.967999999999987
186c84,42.2963,0.004,3.971999999999987
135f45,42.3764,0.009,3.980999999999987
109d86,42.4105,0.002,3.9829999999999868
1bdfa8,42.4271,0.008,3.990999999999987
113307,42.4435,0.016,4.006999999999986
172130,42.4504,0.006,4.012999999999987
1133b2,42.4696,0.001,4.013999999999987
17a5f2,42.4709,0.008,4.021999999999987
1a6296,42.5343,0.007,4.028999999999987
17546c,42.6063,0.01,4.038999999999986
1fee35,42.6234,0.008,4.046999999999986
12dbbe,42.7092,0.001,4.047999999999987
1dab41,42.7338,0.012,4.059999999999986
10182b,42.7367,0.007,4.066999999999986
1ebc2c,42.7511,0.011,4.077999999999986
173ec4,42.7793,0.008,4.085999999999986
1856eb,42.7814,0.007,4.092999999999986
1edae9,42.8638,0.006,4.098999999999986
1b31ce,42.8969,0.02,4.118999999999986
10468b,42.9264,0.02,4.138999999999985
13b436,42.9614,0.006,4.144999999999985
1496a5,42.9774,0.007,4.151999999999985
1ab92c,42.992,0.008,4.159999999999985
1671ef,43.0085,0.008,4.167999999999985
18377b,43.0526,0.002,4.169999999999985
1c231b,43.0624,0.001,4.170999999999985
14e571,43.0799,0.008,4.178999999999985
1d8764,43.0887,0.009,4.1879999999999855
1200e9,43.0954,0.003,4.190999999999986
13a31c,43.1065,0.006,4.196999999999986
15fab6,43.1196,0.002,4.198999999999986
151b2a,43.1258,0.004,4.202999999999985
106b7c,43.1912,0.016,4.218999999999985
13e5f3,43.2746,0.001,4.2199999999999855
16a96f,43.2851,0.004,4.223999999999985
14b8ac,43.2861,0.007,4.230999999999985
1ce0d5,43.2916,0.002,4.2329999999999846
18270b,43.3376,0.02,4.252999999999984
1ad763,43.3579,0.004,4.256999999999984
1d32f8,43.3737,0.005,4.261999999999984
14e250,43.4084,0.003,4.264999999999984
1c59c3,43.4134,0.018,4.2829999999999835
1037de,43.4179,0.002,4.284999999999983
1effde,43.4375,0.016,4.300999999999983
1acf9a,43.4499,0.007,4.307999999999983
1b337f,43.4795,0.01,4.317999999999983
1a64a0,43.492,0.013,4.330999999999983
1ce72b,43.5228,0.004,4.334999999999982
1e1b37,43.5701,0.01,4.344999999999982
15e4a2,43.6167,0.002,4.346999999999982
115ff8,43.6262,0.002,4.3489999999999815
1f3600,43.6521,0.002,4.350999999999981
1738f9,43.7351,0.001,4.351999999999982
12ec78,43.758,0.004,4.355999999999981
18a463,43.7725,0.01,4.365999999999981
145f5f,43.8094,0.009,4.374999999999981
157373,43.8235,0.003,4.3779999999999815
1bc84c,43.8393,0.011,4.388999999999982
1eaf4d,43.8734,0.003,4.391999999999982
19f27d,43.9082,0.012,4.403999999999981
19997f,43.9215,0.002,4.405999999999981
1bc057,43.9604,0.004,4.409999999999981
116402,44.0648,0.007,4.41699999999998
10ef4a,44.0752,0.002,4.41899999999998
11ac74,44.1518,0.015,4.43399999999998
1def83,44.1575,0.017,4.45099999999998
1180e5,44.165,0.002,4.45299999999998
113b79,44.1884,0.016,4.46899999999998
1b388b,44.2035,0.018,4.48699999999998
108c81,44.2208,0.003,4.48999999999998
1d9ab9,44.2621,0.019,4.50899999999998
13da4f,44.2713,0.005,4.51399999999998
1b15ed,44.2889,0.004,4.517999999999979
161d99,44.2963,0.008,4.525999999999979
1a2e33,44.3133,0.003,4.5289999999999795
12a8d0,44.3224,0.016,4.5449999999999795
102faa,44.345,0.004,4.548999999999979
196aae,44.4232,0.011,4.559999999999979
1c6be4,44.4252,0.011,4.570999999999979
1c2299,44.4272,0.02,4.590999999999979
1300d6,44.4534,0.009,4.599999999999979
1bf15d,44.5132,0.004,4.603999999999979
1dad31,44.5403,0.014,4.617999999999979
198b75,44.5652,0.005,4.622999999999979
1fa20b,44.5811,0.001,4.623999999999979
116780,44.6938,0.007,4.630999999999979
172e8b,44.699,0.012,4.6429999999999785
131336,44.7091,0.004,4.646999999999978
16d4a8,44.7857,0.004,4.650999999999978
1784ec,44.7914,2.0,6.650999999999978
11bcb2,44.8377,0.007,6.657999999999977
1f0b03,44.8453,0.007,6.664999999999977
17aec2,44.9382,0.005,6.669999999999977
1b5fdd,44.9391,0.009,6.678999999999977
1ee81c,44.9405,0.005,6.683999999999977
182015,44.947,0.012,6.695999999999977
10ec00,44.9477,0.015,6.710999999999976
196b85,45.0122,0.002,6.712999999999976
182249,45.0739,0.004,6.716999999999976
1a35e7,45.155,0.009,6.725999999999976
11b766,45.1554,0.009,6.734999999999976
189463,45.1736,0.011,6.7459999999999765
1f2473,45.2466,0.017,6.762999999999977
19bf46,45.2724,0.007,6.7699999999999765
1f7cd5,45.2867,0.001,6.770999999999977
11843e,45.3655,0.009,6.779999999999977
174e4b,45.3962,0.011,6.790999999999977
1201c3,45.4193,0.003,6.793999999999977
1c3cb6,45.4456,0.016,6.809999999999977
17b754,45.4663,0.02,6.829999999999977
1670dd,45.468,0.007,6.836999999999977
16c192,45.5195,0.002,6.838999999999976
11404f,45.5685,0.001,6.839999999999977
146b01,45.5735,0.011,6.850999999999977
1731ae,45.6056,0.001,6.851999999999977
16e218,45.609,0.008,6.859999999999977
15d78b,45.6686,0.008,6.867999999999977
15362d,45.6972,0.001,6.868999999999978
180005,45.7164,0.002,6.870999999999977
132dee,45.7397,0.004,6.874999999999977
10b8fd,45.7425,0.008,6.882999999999977
1b42fe,45.7575,0.008,6.890999999999977
1fd1d3,45.7589,0.012,6.9029999999999765
17097c,45.7628,0.011,6.913999999999977
1c47e1,45.8064,0.009,6.922999999999977
1463de,45.8774,0.005,6.927999999999977
16bb20,45.9188,0.008,6.935999999999977
12c8e7,45.9552,0.002,6.937999999999977
13a3ab,45.9673,0.02,6.957999999999976
191f91,45.9702,0.005,6.962999999999976
115332,46.0117,0.003,6.965999999999976
1d4aa0,46.0536,0.005,6.970999999999976
10258a,46.1051,0.002,6.972999999999976
122d42,46.1283,0.002,6.974999999999976
111584,46.1472,0.01,6.9849999999999755
1b9ad2,46.1775,0.012,6.996999999999975
13cee6,46.2654,0.02,7.016999999999975
14d790,46.2947,0.004,7.020999999999974
170fa6,46.296,0.011,7.031999999999974
1e50d4,46.329,0.002,7.033999999999974
11dd67,46.4292,0.009,7.042999999999974
1c29c2,46.4454,0.01,7.052999999999974
13de56,46.4637,0.012,7.064999999999974
13de85,46.4657,0.005,7.069999999999974
1f5739,46.4748,0.012,7.081999999999973
1d8176,46.489,0.02,7.101999999999973
1d651d,46.5139,0.009,7.110999999999973
1ab95c,46.5198,0.003,7.113999999999973
1a7204,46.6053,0.013,7.126999999999973
1f701a,46.6056,0.004,7.130999999999973
124818,46.6114,0.001,7.131999999999973
188ffa,46.6192,0.01,7.141999999999973
196d21,46.6215,0.015,7.1569999999999725
111c4f,46.66,0.012,7.168999999999972
1063bd,46.6924,0.001,7.169999999999972
1efdff,46.6934,0.001,7.170999999999973
16600a,46.706,0.02,7.190999999999972
13d533,46.7656,0.002,7.192999999999972
1320f3,46.772,0.004,7.196999999999972
1b2c81,46.8361,0.016,7.212999999999972
117634,46.94,0.009,7.221999999999972
1fa0e9,46.9534,0.016,7.237999999999972
155b71,46.954,0.006,7.243999999999972
14f96f,46.9571,0.002,7.245999999999972
17ece8,46.9807,0.008,7.253999999999972
1471f4,47.0425,0.011,7.264999999999972
18db6d,47.043,0.001,7.2659999999999725
109762,47.0789,0.004,7.269999999999972
181615,47.1226,0.011,7.280999999999972
170ae5,47.1429,0.004,7.284999999999972
1bf6f2,47.1517,0.005,7.289999999999972
1756ec,47.1579,0.01,7.299999999999971
1cebd0,47.159,0.002,7.301999999999971
1b7c6b,47.1657,0.004,7.305999999999971
1236d3,47.1773,0.009,7.314999999999971
1886cb,47.2663,0.016,7.330999999999971
10d704,47.2727,0.005,7.335999999999971
1c49b3,47.2995,0.003,7.338999999999971
1e760f,47.3193,0.006,7.344999999999971
12bc56,47.3476,0.013,7.357999999999971
121caf,47.3566,0.01,7.367999999999971
1472ca,47.4058,0.003,7.370999999999971
11e5d6,47.4194,0.02,7.390999999999971
18255b,47.438,0.007,7.39799999999997
19267e,47.4509,0.006,7.403999999999971
1613ae,47.4575,0.006,7.409999999999971
128d8c,47.4861,0.017,7.426999999999971
19fc45,47.4864,0.004,7.430999999999971
1af478,47.5228,0.002,7.4329999999999705
1ae9a7,47.5354,0.017,7.449999999999971
15b776,47.5414,0.007,7.4569999999999705
1d43a5,47.5581,0.001,7.457999999999971
1198e7,47.5828,0.004,7.46199999999997
1c1092,47.6884,0.001,7.462999999999971
18d760,47.6889,0.017,7.479999999999971
10d01b,47.7047,0.001,7.4809999999999715
1f4eaa,47.7593,0.018,7.498999999999971
1c8478,47.7685,0.002,7.500999999999971
1048c9,47.7731,0.006,7.506999999999971
131718,47.7925,0.007,7.513999999999971
12e557,47.8306,0.005,7.518999999999971
1f4e30,47.8367,0.009,7.527999999999971
1d708b,47.861,0.006,7.533999999999971
178113,47.8733,0.001,7.534999999999972
1cd023,47.9577,0.003,7.537999999999972
101995,47.9625,0.009,7.546999999999972
193df8,47.9873,0.005,7.551999999999972
17d340,47.9886,0.003,7.554999999999972
1ba12e,48.005,0.007,7.561999999999972
17f402,48.0498,0.02,7.581999999999971
17c4d9,48.0809,0.014,7.595999999999972
1f947c,48.0945,0.009,7.604999999999972
1773fb,48.1178,0.005,7.609999999999972
163eeb,48.1422,0.002,7.611999999999972
14d5c4,48.1454,0.001,7.612999999999972
1e1f9c,48.1477,0.003,7.615999999999972
10b471,48.204,0.004,7.619999999999972
18482b,48.2132,0.012,7.631999999999971
120140,48.2172,0.013,7.644999999999971
1989b5,48.2378,0.003,7.647999999999971
15a4e1,48.3324,0.011,7.658999999999971
11c092,48.3327,0.011,7.6699999999999715
17e9b7,48.3482,0.002,7.671999999999971
1af2b8,48.3674,0.011,7.682999999999971
13525a,48.4194,0.006,7.688999999999972
1a46fd,48.4437,0.002,7.690999999999971
123128,48.4503,0.004,7.694999999999971
153f80,48.4596,0.003,7.697999999999971
1107a0,48.5028,0.002,7.699999999999971
126150,48.5604,0.007,7.7069999999999705
170866,48.6222,0.014,7.720999999999971
1ba44a,48.6532,0.007,7.7279999999999704
1f44ab,48.7007,0.006,7.733999999999971
14ad7f,48.7338,0.002,7.7359999999999705
18561b,48.7791,0.004,7.73999999999997
134050,48.8089,0.009,7.74899999999997
1d522e,48.8757,0.009,7.757999999999971
16bf65,48.8839,0.007,7.76499999999997
166756,48.9338,0.02,7.78499999999997
12051d,48.9678,0.016,7.80099999999997
1eb36f,48.9862,0.011,7.81199999999997
11431a,48.9862,0.005,7.81699999999997
1f49fc,49.0169,0.015,7.83199999999997
12f392,49.0273,0.002,7.833999999999969
1ebd46,49.0288,0.014,7.84799999999997
14cb55,49.0433,0.02,7.867999999999969
156dda,49.0556,0.001,7.86899999999997
14bf49,49.0898,0.014,7.88299999999997
1bf829,49.1538,0.004,7.886999999999969
10d798,49.1712,0.008,7.894999999999969
13ec45,49.2244,0.002,7.896999999999969
15facf,49.2718,0.005,7.901999999999969
14ea57,49.2984,0.004,7.905999999999969
1987e6,49.3083,0.005,7.9109999999999685
15d440,49.3534,0.009,7.919999999999969
17342c,49.3634,0.005,7.924999999999969
148e95,49.3738,0.009,7.933999999999969
18dbe8,49.4479,0.018,7.951999999999969
1aae32,49.4891,0.009,7.960999999999969
1f076d,49.5048,0.01,7.970999999999969
17819b,49.5247,0.002,7.972999999999969
1b4224,49.5322,0.007,7.9799999999999685
134a53,49.5475,0.006,7.985999999999969
1177df,49.5779,0.002,7.9879999999999685
1dd02d,49.5853,0.004,7.991999999999968
1dd94d,49.5963,0.003,7.994999999999968
1390f6,49.5998,0.004,7.998999999999968
179fe6,49.6149,0.014,8.012999999999968
19a99e,49.6277,0.009,8.021999999999968
15d78d,49.6644,0.012,8.033999999999969
1adbf1,49.6675,0.01,8.043999999999969
1108b0,49.6795,0.001,8.044999999999968
1b0e4a,49.6909,0.001,8.045999999999967
1600e1,49.6941,0.002,8.047999999999968
141a97,49.7068,0.001,8.048999999999968
1e5135,49.7438,0.016,8.064999999999968
16ee2a,49.7654,0.011,8.075999999999967
19611d,49.7921,0.01,8.085999999999967
15d97d,49.8384,0.005,8.090999999999967
11b646,49.8398,0.002,8.092999999999968
1c02af,49.8522,0.016,8.108999999999968
1e684f,49.8565,0.005,8.113999999999969
13c8c1,49.9163,0.005,8.11899999999997
1a43e6,49.9293,0.006,8.12499999999997
129f6c,49.9625,0.002,8.12699999999997
177ad2,50.0599,0.001,8.12799999999997
1f4078,50.0639,0.02,8.14799999999997
1ec668,50.0953,0.002,8.14999999999997
16faa7,50.1365,0.003,8.15299999999997
19187c,50.1556,0.015,8.16799999999997
1d6dee,50.1566,0.011,8.17899999999997
178899,50.1843,0.006,8.18499999999997
1822f9,50.1958,0.012,8.19699999999997
1c813f,50.221,0.003,8.19999999999997
191987,50.2374,0.02,8.21999999999997
104dad,50.2696,0.001,8.22099999999997
13da58,50.3106,0.001,8.22199999999997
1fdb35,50.3663,0.004,8.225999999999969
1f2367,50.4834,0.01,8.235999999999969
1177f8,50.5005,0.002,8.23799999999997
196cbd,50.5045,0.002,8.23999999999997
18c413,50.5509,0.002,8.24199999999997
18b71c,50.5664,0.003,8.24499999999997
1d8c56,50.5928,0.005,8.249999999999972
109994,50.6355,0.002,8.251999999999972
1f814b,50.6839,0.005,8.256999999999973
11f979,50.6841,0.01,8.266999999999973
13b61a,50.7511,0.001,8.267999999999972
1e5fc8,50.7668,0.004,8.271999999999972
1df953,50.7796,0.001,8.272999999999971
140b6a,50.7889,0.02,8.29299999999997
1152cb,50.8286,0.008,8.30099999999997
1187bb,50.8319,0.003,8.30399999999997
11c753,50.8452,0.01,8.31399999999997
1ce7b0,50.8718,0.009,8.32299999999997
181970,50.9301,0.002,8.32499999999997
1a1778,50.9498,0.012,8.336999999999971
1ff1e2,50.9614,0.007,8.343999999999971
1c949e,51.0565,0.01,8.35399999999997
1c653e,51.0597,0.013,8.36699999999997
1dcb7d,51.0953,0.002,8.368999999999971
1dd786,51.1017,0.02,8.388999999999971
128eb6,51.2158,0.018,8.406999999999972
1a89ff,51.2225,0.002,8.408999999999972
15569a,51.2227,0.011,8.419999999999972
1ab22a,51.2452,0.008,8.42799999999997
19787b,51.3267,0.004,8.43199999999997
1be68a,51.3544,0.008,8.43999999999997
13d857,51.357,0.001,8.440999999999969
1ff3ba,51.3584,0.005,8.44599999999997
17d0ac,51.3866,0.004,8.449999999999969
1babbc,51.3948,0.02,8.469999999999969
199cec,51.4119,0.008,8.477999999999968
1c5663,51.4301,0.001,8.478999999999967
1db445,51.4513,0.019,8.497999999999967
1d1108,51.4841,0.013,8.510999999999967
179dcc,51.485,0.008,8.518999999999966
18f767,51.5032,0.02,8.538999999999966
1ca864,51.5241,0.002,8.540999999999967
16f1ee,51.5327,0.001,8.541999999999966
1b9338,51.5802,0.001,8.542999999999966
1b9e78,51.5936,0.002,8.544999999999966
16342e,51.6202,0.008,8.552999999999965
18a9a2,51.6383,0.006,8.558999999999966
126ade,51.6415,0.015,8.573999999999966
1cda76,51.6425,0.001,8.574999999999966
1d437d,51.7099,0.001,8.575999999999965
14649e,51.7124,0.018,8.593999999999966
1c3e78,51.7253,0.005,8.598999999999966
1b5459,51.7756,0.007,8.605999999999966
19b620,51.8014,0.003,8.608999999999966
138066,51.819,0.006,8.614999999999966
1f4e7a,51.8371,0.005,8.619999999999967
1c0fba,51.8595,0.003,8.622999999999967
1109c2,51.8661,0.01,8.632999999999967
137593,51.8755,0.001,8.633999999999967
175b54,51.9068,0.002,8.635999999999967
12dff3,51.9172,0.009,8.644999999999968
1a14d5,51.9307,0.003,8.647999999999968
125ec4,51.9708,0.002,8.649999999999968
11d6aa,51.9892,0.002,8.651999999999969
166b56,51.9936,0.02,8.671999999999969
17fc73,52.0002,0.001,8.672999999999968
14458c,52.0364,0.02,8.692999999999968
194320,52.0623,0.009,8.701999999999968
1f3c65,52.0677,0.001,8.702999999999967
16ce6d,52.1052,0.01,8.712999999999967
17a541,52.1059,0.005,8.717999999999968
108a48,52.1142,0.007,8.724999999999968
104eaf,52.1412,0.001,8.725999999999967
13f65b,52.1511,0.006,8.731999999999967
1c5654,52.1876,0.002,8.733999999999968
1ff754,52.225,0.009,8.742999999999968
1c3bdb,52.2309,0.019,8.761999999999968
117dcc,52.2622,0.009,8.770999999999969
150d83,52.2751,0.011,8.781999999999968
16d1f5,52.3064,0.008,8.789999999999967
1367ab,52.3389,0.007,8.796999999999967
12ee54,52.3408,0.02,8.816999999999966
1e3955,52.3582,0.005,8.821999999999967
1f5e0e,52.3626,0.012,8.833999999999968
164399,52.3924,0.009,8.842999999999968
199014,52.4862,0.011,8.853999999999967
16d2c9,52.5212,0.003,8.856999999999967
1218ab,52.5279,0.016,8.872999999999967
1de441,52.6129,0.004,8.876999999999967
19847c,52.6408,0.02,8.896999999999966
1b4ef8,52.6422,0.01,8.906999999999966
1a8f59,52.7056,0.005,8.911999999999967
11d1ec,52.7273,0.013,8.924999999999967
134a74,52.8887,0.013,8.937999999999967
17e0cd,52.8918,0.005,8.942999999999968
10f511,52.9106,0.002,8.944999999999968
19f2d0,52.9248,0.001,8.945999999999968
13cf81,52.9426,0.016,8.961999999999968
1af9ce,53.0089,0.006,8.967999999999968
1ff506,53.0122,0.012,8.979999999999968
106072,53.0338,0.003,8.982999999999969
15dcb2,53.0339,0.006,8.988999999999969
14ff59,53.0546,0.009,8.99799999999997
115dc1,53.0566,0.008,9.005999999999968
1fba4b,53.0751,0.004,9.009999999999968
1946e5,53.1202,0.009,9.018999999999968
16408f,53.1323,0.016,9.034999999999968
1ebc53,53.1574,0.001,9.035999999999968
1a91d3,53.2431,0.004,9.039999999999967
15370a,53.2565,0.016,9.055999999999967
1bb9a3,53.2676,0.006,9.061999999999967
15a1de,53.2796,0.006,9.067999999999968
1cfb2a,53.303,0.005,9.072999999999968
13490f,53.3453,0.015,9.087999999999969
1b5d40,53.3499,0.001,9.088999999999968
154706,53.3575,0.009,9.097999999999969
1d4538,53.4396,0.019,9.116999999999969
11978e,53.5051,0.008,9.124999999999968
19e9f8,53.5374,0.003,9.127999999999968
181a3b,53.5409,0.002,9.129999999999969
1793fe,53.5468,0.006,9.135999999999969
127bce,53.5469,0.01,9.145999999999969
164a41,53.5716,0.001,9.146999999999968
1387b1,53.6254,0.001,9.147999999999968
174d7d,53.6453,0.001,9.148999999999967
177002,53.6619,0.009,9.157999999999967
19d503,53.6756,0.01,9.167999999999967
13ce8f,53.6824,0.007,9.174999999999967
1bae22,53.6945,0.007,9.181999999999967
1d3ffc,53.7079,0.009,9.190999999999967
14a195,53.756,0.009,9.199999999999967
10388b,53.759,0.02,9.219999999999967
180263,53.762,0.015,9.234999999999967
1b3cb5,53.7676,0.004,9.238999999999967
1295fe,53.7963,0.001,9.239999999999966
18b6a6,53.7999,0.006,9.245999999999967
17b33d,53.8015,0.009,9.254999999999967
1c13c4,53.8034,0.006,9.260999999999967
1f9732,53.8233,0.02,9.280999999999967
10754a,53.8689,0.006,9.286999999999967
1beeb8,53.8835,0.01,9.296999999999967
18ae81,53.8935,0.006,9.302999999999967
14a0d6,53.9367,0.001,9.303999999999967
15fcc8,53.9826,0.02,9.323999999999966
1a70e9,54.0005,0.01,9.333999999999966
1cf9f3,54.0067,0.015,9.348999999999966
105ef6,54.0621,0.001,9.349999999999966
16adc1,54.0641,0.019,9.368999999999966
123b02,54.1216,0.016,9.384999999999966
15817a,54.1591,0.002,9.386999999999967
14a69a,54.1698,0.001,9.387999999999966
1f1d14,54.174,0.007,9.394999999999966
1c4496,54.1937,0.007,9.401999999999965
190dcc,54.2184,0.005,9.406999999999966
1b4552,54.2277,0.003,9.409999999999966
12349a,54.253,0.003,9.412999999999967
1f09dc,54.2605,0.009,9.421999999999967
14f63a,54.2779,0.007,9.428999999999967
13f678,54.3099,0.01,9.438999999999966
114696,54.3166,0.003,9.441999999999966
1948ef,54.3673,0.002,9.443999999999967
19feac,54.4209,0.008,9.451999999999966
1a7a29,54.4821,0.016,9.467999999999966
1f28b5,54.5088,0.003,9.470999999999966
164d49,54.5353,0.008,9.478999999999965
18d91e,54.5779,0.009,9.487999999999966
1d5884,54.6023,0.012,9.499999999999966
1199cf,54.6256,0.02,9.519999999999966
1bdca3,54.6344,0.004,9.523999999999965
1a7776,54.6963,0.001,9.524999999999965
100426,54.7121,0.014,9.538999999999964
102ec2,54.745,0.01,9.548999999999964
194212,54.7494,0.009,9.557999999999964
1ff208,54.7609,0.003,9.560999999999964
1887b7,54.7809,0.013,9.573999999999964
19fce3,54.79,0.001,9.574999999999964
1dcde5,54.7956,0.005,9.579999999999965
1f6e74,54.8226,0.004,9.583999999999964
100f6f,54.9022,0.001,9.584999999999964
1579b2,54.9064,0.02,9.604999999999963
1c3d4e,54.9191,0.011,9.615999999999962
11cf3b,55.0235,0.003,9.618999999999962
1b6362,55.0559,0.005,9.623999999999963
18ac0a,55.0829,0.012,9.635999999999964
1d611f,55.0952,0.009,9.644999999999964
1b1cc0,55.1139,0.015,9.659999999999965
1d210b,55.1262,0.007,9.666999999999964
1fa6ed,55.1461,0.003,9.669999999999964
15e57b,55.1492,0.011,9.680999999999964
193fec,55.1556,0.017,9.697999999999963
171db8,55.1594,0.003,9.700999999999963
15decc,55.1674,0.009,9.709999999999964
1146b0,55.1967,0.02,9.729999999999963
14af23,55.2365,0.001,9.730999999999963
13ed2f,55.2765,0.004,9.734999999999962
1646ef,55.3037,0.003,9.737999999999962
12c106,55.3174,0.001,9.738999999999962
1ea8f5,55.3239,0.004,9.742999999999961
187c03,55.3506,0.006,9.748999999999961
179855,55.428,0.009,9.757999999999962
172849,55.4566,0.001,9.758999999999961
121866,55.4624,0.01,9.768999999999961
1a73fa,55.5489,0.017,9.78599999999996
143703,55.553,0.013,9.79899999999996
11209f,55.5917,0.014,9.81299999999996
18da87,55.7502,0.014,9.826999999999959
1f2824,55.7841,0.001,9.827999999999959
19f13a,55.7848,0.008,9.835999999999958
1ad1e9,55.8254,0.012,9.847999999999958
147e5b,55.8928,0.005,9.852999999999959
1e9f4e,55.8976,0.005,9.85799999999996
1f663c,55.9085,0.009,9.86699999999996
1e62ed,55.9472,0.01,9.87699999999996
1a6024,55.9906,0.002,9.87899999999996
171018,56.002,0.02,9.89899999999996
1888a0,56.0279,0.008,9.90699999999996
112574,56.0571,0.005,9.91199999999996
14465e,56.0605,0.006,9.91799999999996
150956,56.0858,0.004,9.92199999999996
1709fa,56.0944,0.011,9.932999999999959
1a77db,56.2293,0.006,9.93899999999996
1fdeb0,56.244,0.001,9.939999999999959
1593dd,56.2656,0.01,9.949999999999958
1b2c6d,56.3128,0.003,9.952999999999959
111b47,56.3367,0.007,9.959999999999958
195559,56.3412,0.014,9.973999999999958
1478d5,56.3648,0.004,9.977999999999957
1594bf,56.3915,0.002,9.979999999999958
127c2d,56.431,0.002,9.981999999999958
1b8a1a,56.459,0.007,9.988999999999958
13fcd2,56.5838,0.018,10.006999999999959
1aa35e,56.6399,0.008,10.014999999999958
15c80d,56.6528,0.008,10.022999999999957
12ec9e,56.6873,0.011,10.033999999999956
1cd79d,56.7325,0.007,10.040999999999956
1d6db3,56.8406,0.006,10.046999999999956
1bf4af,56.9054,0.007,10.053999999999956
17b92b,56.9207,0.002,10.055999999999957
130fdb,56.9289,0.005,10.060999999999957
1b3c8a,57.0358,0.009,10.069999999999958
1d6e8a,57.0594,0.017,10.086999999999957
147d14,57.0778,0.008,10.094999999999956
1e017d,57.1094,0.011,10.105999999999955
168789,57.1431,0.003,10.108999999999956
1d3af2,57.1663,0.014,10.122999999999955
15c21c,57.1855,0.017,10.139999999999954
1268a1,57.2439,0.001,10.140999999999954
1e7a85,57.3248,0.004,10.144999999999953
12efa8,57.3662,0.001,10.145999999999953
1a0a72,57.3731,0.001,10.146999999999952
126836,57.4346,0.012,10.158999999999953
1d82d8,57.5005,0.013,10.171999999999953
155dbb,57.5755,0.003,10.174999999999953
16aed0,57.5776,0.011,10.185999999999952
1605e6,57.6035,0.004,10.189999999999952
127ac0,57.604,0.015,10.204999999999952
16bccf,57.7087,0.008,10.212999999999951
16259a,57.7817,0.014,10.22699999999995
114574,57.7823,0.012,10.238999999999951
178ce2,57.8551,0.005,10.243999999999952
123429,57.8825,0.001,10.244999999999951
1a1660,57.9123,0.002,10.246999999999952
16acf5,57.9123,0.005,10.251999999999953
18f2d6,57.9158,0.003,10.254999999999953
15c5fc,58.1006,0.015,10.269999999999953
1b803a,58.1039,0.012,10.281999999999954
18edbf,58.1322,0.007,10.288999999999954
1ef9e4,58.133,0.013,10.301999999999953
1b78e4,58.1826,0.001,10.302999999999953
1046d5,58.2325,0.004,10.306999999999952
1bef18,58.2846,0.012,10.318999999999953
1e22d6,58.3031,0.002,10.320999999999954
123df7,58.3371,0.004,10.324999999999953
1eb152,58.3547,0.011,10.335999999999952
1a67da,58.3943,0.004,10.339999999999952
13e49f,58.3998,0.005,10.344999999999953
1eac50,58.4026,0.005,10.349999999999953
1e6d4f,58.4146,0.005,10.354999999999954
13f467,58.4153,0.001,10.355999999999954
19de64,58.4401,0.001,10.356999999999953
1cefae,58.4781,0.009,10.365999999999953
1c4bee,58.5056,0.01,10.375999999999953
133dd0,58.5257,0.005,10.380999999999954
1d4fea,58.5357,0.004,10.384999999999954
189a2d,58.5557,0.001,10.385999999999953
126b1a,58.5675,0.02,10.405999999999953
112771,58.668,0.011,10.416999999999952
12392c,58.7084,0.02,10.436999999999951
1d51b0,58.7518,0.005,10.441999999999952
11a195,58.7586,0.001,10.442999999999952
13563f,58.7713,0.009,10.451999999999952
184a38,58.9027,0.001,10.452999999999951
1dc1ac,58.9031,0.014,10.46699999999995
1e7702,58.9482,0.002,10.468999999999951
19d342,59.0209,0.005,10.473999999999952
122856,59.0287,0.014,10.487999999999952
126f3a,59.055,0.008,10.49599999999995
169ddf,59.076,0.02,10.51599999999995
1fd482,59.0799,0.007,10.52299999999995
1fed6d,59.1197,0.009,10.53199999999995
115b85,59.1429,0.005,10.536999999999951
1ca410,59.1682,0.007,10.54399999999995
15b5e2,59.2183,0.007,10.55099999999995
16f9a0,59.264,0.008,10.55899999999995
109ebc,59.2978,0.007,10.56599999999995
191a47,59.3498,0.018,10.58399999999995
140195,59.4019,0.002,10.58599999999995
157c7c,59.4475,0.004,10.58999999999995
127951,59.6409,0.001,10.59099999999995
1e168f,59.7138,0.003,10.59399999999995
17d66f,59.7374,0.004,10.59799999999995
1a06f4,59.7672,0.001,10.598999999999949
132d25,59.8361,0.02,10.618999999999948
1748de,59.8447,0.01,10.628999999999948
157dcc,59.8761,0.001,10.629999999999947
1f8b96,59.8782,0.004,10.633999999999947
1f3078,59.8906,0.001,10.634999999999946
1324bd,59.9872,0.006,10.640999999999947
15608f,60.1674,0.018,10.658999999999947
13cf34,60.2157,0.008,10.666999999999947
110a47,60.2364,0.016,10.682999999999947
13f5ab,60.2402,0.001,10.683999999999946
168eab,60.3589,0.001,10.684999999999945
1babf2,60.3687,0.008,10.692999999999945
164ad5,60.4707,0.001,10.693999999999944
1101dd,60.4893,0.014,10.707999999999943
122b26,60.5411,0.017,10.724999999999943
108d9b,60.5792,0.001,10.725999999999942
10b3a0,60.6566,0.006,10.731999999999942
18553b,60.6623,0.011,10.742999999999942
1c7389,60.7508,0.001,10.743999999999941
1d3db9,60.7889,0.019,10.762999999999941
134d79,60.8379,0.007,10.769999999999941
1b5cfa,60.8578,0.018,10.787999999999942
1a203a,60.9048,0.01,10.797999999999941
18387d,60.9115,0.004,10.801999999999941
17b561,60.9226,0.008,10.80999999999994
10dc9b,60.9271,0.002,10.81199999999994
15bade,60.9489,0.016,10.82799999999994
172253,61.0107,0.014,10.84199999999994
12510c,61.0107,0.005,10.846999999999941
13c745,61.0999,0.001,10.84799999999994
1d842a,61.1233,0.005,10.852999999999941
190dbc,61.1261,0.011,10.86399999999994
186ba3,61.2323,0.005,10.868999999999941
1d9f45,61.2691,0.012,10.880999999999942
11cb18,61.3591,0.001,10.881999999999941
11918a,61.4338,0.01,10.89199999999994
165c99,61.4825,0.003,10.894999999999941
19ffbb,61.7054,0.001,10.89599999999994
12e6bc,61.7601,0.006,10.90199999999994
1f7510,61.7925,0.008,10.90999999999994
1a9ad7,61.8907,0.009,10.91899999999994
1b1ff1,61.9187,0.014,10.93299999999994
173e85,61.9385,0.02,10.952999999999939
1a8e2c,61.9485,0.001,10.953999999999938
1e2b55,61.9592,0.005,10.95899999999994
13b38e,61.9858,0.006,10.96499999999994
1f4dd7,62.0056,0.02,10.984999999999939
1bc080,62.0061,0.005,10.98999999999994
16ae31,62.0291,0.008,10.997999999999939
14f056,62.0303,0.008,11.005999999999938
1998e8,62.0416,0.004,11.009999999999938
117419,62.0919,0.001,11.010999999999937
176b5e,62.1203,0.008,11.018999999999936
127319,62.1238,0.002,11.020999999999937
16cf7b,62.2196,0.005,11.025999999999938
1af371,62.2636,0.014,11.039999999999937
12e4fd,62.3542,0.008,11.047999999999936
11b78f,62.3717,0.008,11.055999999999935
1a278e,62.4502,0.005,11.060999999999936
1b9abb,62.4567,0.001,11.061999999999935
16480b,62.5769,0.014,11.075999999999935
13c136,62.8173,0.002,11.077999999999935
1875d9,62.8438,0.013,11.090999999999935
1eae8c,62.8842,0.006,11.096999999999936
1ba5dd,62.8884,0.017,11.113999999999935
115333,62.9034,0.019,11.132999999999935
195183,62.9142,0.002,11.134999999999936
19f0e3,62.925,0.003,11.137999999999936
1212a7,62.945,0.004,11.141999999999936
1a6243,62.9906,0.005,11.146999999999936
16189d,63.1957,0.017,11.163999999999936
109afa,63.2237,0.004,11.167999999999935
1124a0,63.2744,0.002,11.169999999999936
1a44fe,63.2951,0.012,11.181999999999936
1687fe,63.343,0.005,11.186999999999937
1c1336,63.5097,0.001,11.187999999999937
1e2db3,63.5418,0.003,11.190999999999937
117c30,63.6143,0.011,11.201999999999936
1b77cc,63.7711,0.005,11.206999999999937
18f0ef,63.7797,0.001,11.207999999999936
1c7ae8,63.8061,0.008,11.215999999999935
1d3fbb,63.8976,0.011,11.226999999999935
197564,63.9364,0.002,11.228999999999935
134486,64.0946,0.009,11.237999999999936
199577,64.173,0.018,11.255999999999936
1c4e7a,64.1755,0.002,11.257999999999937
1faaf3,64.2155,0.008,11.265999999999936
1d599e,64.2928,0.006,11.271999999999936
1a96cc,64.3649,0.013,11.284999999999936
1f2404,64.4116,0.005,11.289999999999937
126c51,64.7034,0.003,11.292999999999937
1b2f02,64.7348,0.006,11.298999999999937
1d5705,64.7472,0.001,11.299999999999937
19c491,64.7512,0.001,11.300999999999936
1aa635,64.8648,0.008,11.308999999999935
1e9f4a,64.8967,0.001,11.309999999999935
14ad31,64.8973,0.006,11.315999999999935
1ebd76,65.1324,0.016,11.331999999999935
16a009,65.1609,0.003,11.334999999999935
1aeb22,65.2517,0.004,11.338999999999935
1812a7,65.323,0.018,11.356999999999935
103eac,65.5147,0.008,11.364999999999934
16fc9b,65.6735,0.017,11.381999999999934
115074,65.6923,0.002,11.383999999999935
10c197,65.7193,0.003,11.386999999999935
1bcf9e,65.9713,0.001,11.387999999999934
1f5157,66.1851,0.004,11.391999999999934
10983a,66.2263,0.005,11.396999999999935
137e05,66.2355,0.005,11.401999999999935
17c0e5,66.2413,0.002,11.403999999999936
1cc441,66.2542,0.016,11.419999999999936
1f6e02,66.3638,0.005,11.424999999999937
18e1e5,66.4357,0.017,11.441999999999936
1473ee,66.6104,0.015,11.456999999999937
16ef1b,66.7021,0.014,11.470999999999936
16e919,66.9069,0.014,11.484999999999935
125bf2,67.0104,0.006,11.490999999999936
18b210,67.2393,0.003,11.493999999999936
1047ec,67.3815,0.013,11.506999999999936
1a4a82,68.2011,0.007,11.513999999999935
1459c8,68.5323,0.009,11.522999999999936
186004,68.5507,0.01,11.532999999999936
1a50b6,68.6405,0.001,11.533999999999935
1d0e11,68.7513,0.003,11.536999999999935
1ad084,68.7685,0.009,11.545999999999935
1326fb,68.8279,0.017,11.562999999999935
137159,69.0073,0.008,11.570999999999934
1d5831,69.0681,0.002,11.572999999999935
11fc3f,69.1326,0.011,11.583999999999934
1932de,69.1508,0.005,11.588999999999935
145231,69.4185,0.001,11.589999999999934
18c32a,69.4307,0.001,11.590999999999934
140511,69.7629,0.01,11.600999999999933
12d3e4,70.1007,0.014,11.614999999999933
1e751a,70.8573,0.012,11.626999999999933
13ea72,71.1694,0.013,11.639999999999933
1e9ba5,71.8092,0.003,11.642999999999933
13a149,71.9623,0.002,11.644999999999934
152ee6,72.0811,0.02,11.664999999999933
1876e1,72.6017,0.01,11.674999999999933
11390a,73.6631,0.019,11.693999999999933
152f86,74.0747,0.007,11.700999999999933
1925f3,74.1932,0.016,11.716999999999933
14af68,74.7756,0.005,11.721999999999934
1236e0,75.6175,0.01,11.731999999999934
18b62f,75.7479,0.02,11.751999999999933
1097cc,76.0686,0.01,11.761999999999933
13c603,76.325,0.012,11.773999999999933
1e9f5d,76.7519,0.004,11.777999999999933
1aec30,77.3231,0.02,11.797999999999933
1ed23f,78.1722,0.009,11.806999999999933
13f4a0,78.8356,0.008,11.814999999999932
13fb62,81.2279,0.02,11.834999999999932
